Name,Last Name,Firstst Name,Fights,Strikes,Total Strike Accuracy,Take Down,Take Down Accuracy,Knock Down,pass,Reversal,Substitution
"St-Pierre, Georges",St-Pierre,Georges,22,2591,67.50%,90,73.80%,9,119,5,3
"Fitch, Jon",Fitch,Jon,18,2185,74.70%,58,54.70%,2,44,3,3
"Edgar, Frankie",Edgar,Frankie,26,2099,48.20%,67,33.80%,3,48,3,2
"Johnson, Demetrious",Johnson,Demetrious,18,1956,64.60%,74,54.80%,3,65,3,5
"Bisping, Michael",Bisping,Michael,30,1935,42.30%,26,43.30%,8,15,2,0
"Diaz, Nate",Diaz,Nate,23,1926,53.80%,17,26.20%,3,15,6,9
"Penn, BJ",Penn,BJ,27,1816,63.90%,26,57.80%,7,44,1,4
"Leben, Chris",Leben,Chris,22,1791,67.90%,17,45.90%,5,22,0,2
"Dos Anjos, Rafael",Dos Anjos,Rafael,26,1767,53.20%,45,40.20%,5,39,2,3
"Elkins, Darren",Elkins,Darren,20,1739,54.40%,42,35.90%,2,40,1,1
"Holloway, Max",Holloway,Max,20,1694,48.40%,5,100.00%,8,17,0,2
"Lentz, Nik",Lentz,Nik,22,1690,63.70%,61,35.30%,2,52,1,2
"Ortiz, Tito",Ortiz,Tito,27,1675,66.10%,58,44.60%,2,26,0,2
"Diaz, Nick",Diaz,Nick,14,1616,59.60%,14,35.00%,3,9,4,2
"Siver, Dennis",Siver,Dennis,22,1594,45.20%,13,32.50%,7,32,5,2
"Dunham, Evan",Dunham,Evan,22,1587,44.70%,28,33.30%,2,18,1,1
"Maia, Demian",Maia,Demian,29,1569,60.20%,60,25.20%,1,87,5,9
"Lytle, Chris",Lytle,Chris,20,1533,58.80%,9,50.00%,2,15,9,6
"Jedrzejczyk, Joanna",Jedrzejczyk,Joanna,12,1521,49.20%,1,50.00%,1,0,0,0
"Couture, Randy",Couture,Randy,24,1494,72.50%,52,50.00%,1,49,2,4
"Condit, Carlos",Condit,Carlos,16,1476,52.00%,7,50.00%,5,27,8,0
"Sonnen, Chael",Sonnen,Chael,14,1467,69.70%,37,53.60%,0,32,1,2
"Velasquez, Cain",Velasquez,Cain,16,1446,69.50%,34,43.60%,9,30,0,0
"Jones, Jon",Jones,Jon,20,1431,60.00%,37,48.10%,5,29,0,5
"Andrade, Jessica",Andrade,Jessica,14,1424,58.60%,33,58.90%,2,34,1,2
"Stephens, Jeremy",Stephens,Jeremy,30,1422,47.20%,21,32.80%,18,6,7,0
"Riddle, Matthew",Riddle,Matthew,12,1350,63.30%,39,50.00%,0,41,1,0
"Pearson, Ross",Pearson,Ross,25,1347,44.60%,15,36.60%,6,3,1,0
"Guida, Clay",Guida,Clay,26,1346,45.10%,60,36.80%,5,50,1,4
"Dillashaw, TJ",Dillashaw,TJ,17,1340,47.40%,21,37.50%,9,28,0,1
"Poirier, Dustin",Poirier,Dustin,21,1314,53.40%,24,41.40%,11,15,4,3
"Henderson, Benson",Henderson,Benson,15,1291,55.80%,32,49.20%,3,23,1,2
"Miller, Jim",Miller,Jim,31,1289,48.70%,36,41.40%,3,43,5,7
"Story, Rick",Story,Rick,20,1284,51.20%,37,48.70%,5,28,5,2
"Alves, Thiago",Alves,Thiago,27,1280,47.10%,13,68.40%,13,23,2,1
"Cerrone, Donald",Cerrone,Donald,30,1278,51.60%,16,27.10%,17,25,3,6
"Sanchez, Diego",Sanchez,Diego,29,1275,42.90%,31,20.30%,6,42,3,0
"McGee, Court",McGee,Court,14,1274,43.90%,25,24.80%,1,21,1,2
"Sherk, Sean",Sherk,Sean,12,1274,60.50%,50,44.20%,0,47,3,1
"Lawler, Robbie",Lawler,Robbie,20,1224,51.10%,16,76.20%,9,11,3,0
"Brown, Matt",Brown,Matt,27,1219,61.80%,23,46.00%,9,16,4,2
"Miocic, Stipe",Miocic,Stipe,15,1219,62.20%,24,38.10%,5,20,0,0
"Stout, Sam",Stout,Sam,20,1207,32.70%,10,38.50%,3,9,1,0
"Masvidal, Jorge",Masvidal,Jorge,16,1185,56.00%,15,51.70%,5,12,1,1
"Herman, Ed",Herman,Ed,21,1181,63.60%,32,51.60%,3,36,5,4
"Bermudez, Dennis",Bermudez,Dennis,17,1169,57.70%,42,38.50%,5,28,3,2
"Swanson, Cub",Swanson,Cub,16,1169,54.70%,11,57.90%,6,14,1,0
"Cormier, Daniel",Cormier,Daniel,14,1158,63.90%,21,46.70%,2,28,0,4
"Kim, Dong Hyun",Kim,Dong Hyun,20,1158,69.90%,39,43.80%,4,45,2,1
"Means, Tim",Means,Tim,19,1145,51.50%,10,50.00%,7,8,2,1
"Danzig, Mac",Danzig,Mac,13,1123,66.90%,12,37.50%,3,20,3,2
"Rua, Mauricio",Rua,Mauricio,21,1108,61.40%,24,42.90%,14,23,0,0
"Caceres, Alex",Caceres,Alex,20,1106,53.10%,9,75.00%,3,21,10,2
"Okami, Yushin",Okami,Yushin,21,1100,55.20%,33,37.90%,4,67,0,0
"Werdum, Fabricio",Werdum,Fabricio,16,1096,61.40%,12,25.50%,4,22,2,3
"Griffin, Forrest",Griffin,Forrest,15,1096,43.20%,10,43.50%,1,15,3,2
"Franklin, Rich",Franklin,Rich,20,1090,48.90%,14,63.60%,10,21,3,1
"Cote, Patrick",Cote,Patrick,21,1080,59.00%,10,19.60%,6,18,4,0
"Fisher, Spencer",Fisher,Spencer,17,1066,54.80%,9,30.00%,3,19,2,2
"Anderson, Corey",Anderson,Corey,13,1066,54.90%,52,50.00%,0,34,0,0
"Dos Santos, Junior",Dos Santos,Junior,18,1062,49.80%,4,50.00%,11,3,0,0
"Hathaway, John",Hathaway,John,10,1062,59.70%,21,43.80%,2,16,1,0
"Lineker, John",Lineker,John,17,1049,43.40%,6,60.00%,12,4,1,1
"Johnson, Michael",Johnson,Michael,21,1036,39.40%,9,45.00%,9,0,3,0
"Barao, Renan",Barao,Renan,16,1035,41.40%,22,44.00%,4,14,0,3
"Ortiz, Dustin",Ortiz,Dustin,14,1031,60.80%,32,36.00%,2,29,10,0
"Kongo, Cheick",Kongo,Cheick,18,1025,69.50%,24,63.20%,4,12,3,0
"Lee, Kevin",Lee,Kevin,14,1020,51.90%,35,43.80%,0,45,1,4
"Bader, Ryan",Bader,Ryan,20,1018,56.00%,46,44.20%,7,43,0,1
"Tavares, Thiago",Tavares,Thiago,18,1014,63.70%,42,42.90%,0,32,5,5
"Florian, Kenny",Florian,Kenny,17,1013,58.20%,26,32.10%,1,40,1,7
"Usman, Kamaru",Usman,Kamaru,10,1010,64.10%,40,51.90%,3,34,0,1
"Lindland, Matt",Lindland,Matt,12,1009,75.60%,27,50.00%,0,25,5,1
"Bonnar, Stephan",Bonnar,Stephan,15,1005,57.20%,17,41.50%,2,30,3,2
"Arlovski, Andrei",Arlovski,Andrei,28,1001,48.10%,9,36.00%,10,6,1,2
"Boetsch, Tim",Boetsch,Tim,23,966,61.60%,21,35.60%,7,15,2,0
"Griffin, Tyson",Griffin,Tyson,14,963,52.30%,20,45.50%,2,1,1,1
"Pierce, Mike",Pierce,Mike,14,962,59.60%,31,41.30%,3,12,0,1
"Hughes, Matt",Hughes,Matt,25,956,68.00%,47,51.10%,3,77,4,5
"Nurmagomedov, Khabib",Nurmagomedov,Khabib,13,953,58.20%,31,34.80%,2,47,0,3
"Pettis, Sergio",Pettis,Sergio,14,952,43.50%,12,40.00%,1,15,2,0
"Ferguson, Tony",Ferguson,Tony,16,951,47.70%,6,42.90%,3,5,2,6
"Barboza, Edson",Barboza,Edson,20,941,43.50%,7,46.70%,10,2,0,1
"Hamill, Matt",Hamill,Matt,15,931,52.50%,31,34.10%,1,11,0,0
"Silva, Anderson",Silva,Anderson,24,930,65.10%,3,75.00%,18,3,1,3
"Benavidez, Joseph",Benavidez,Joseph,18,927,39.80%,17,26.60%,4,25,1,1
"Machida, Lyoto",Machida,Lyoto,24,927,57.80%,14,63.60%,14,40,2,1
"Evans, Rashad",Evans,Rashad,23,923,46.50%,53,42.40%,4,36,1,0
"Faber, Urijah",Faber,Urijah,16,919,49.10%,26,29.20%,4,15,2,6
"Gustafsson, Alexander",Gustafsson,Alexander,16,909,46.80%,18,40.00%,9,17,0,2
"Trinaldo, Francisco",Trinaldo,Francisco,18,904,51.80%,16,45.70%,4,19,2,2
"Tavares, Brad",Tavares,Brad,17,901,46.80%,16,27.10%,3,9,2,0
"Sterling, Aljamain",Sterling,Aljamain,12,900,61.90%,21,36.80%,0,18,1,3
"Mizugaki, Takeya",Mizugaki,Takeya,14,895,48.00%,16,50.00%,3,11,0,0
"Marquardt, Nate",Marquardt,Nate,25,894,58.90%,33,58.90%,12,23,3,3
"Roop, George",Roop,George,13,888,55.00%,8,50.00%,1,3,1,0
"Theodorou, Elias",Theodorou,Elias,10,888,52.20%,13,28.90%,0,5,3,0
"Koscheck, Josh",Koscheck,Josh,25,876,53.00%,40,48.20%,4,48,1,3
"Gastelum, Kelvin",Gastelum,Kelvin,16,862,50.10%,9,50.00%,9,16,5,2
"Torres, Tecia",Torres,Tecia,10,837,57.10%,7,17.10%,1,11,0,1
"Miller, Cole",Miller,Cole,21,832,40.30%,8,36.40%,4,28,9,7
"Smith, Trevor",Smith,Trevor,14,831,68.30%,16,34.00%,2,29,3,0
"Lauzon, Joe",Lauzon,Joe,26,830,47.20%,33,45.20%,3,67,8,7
"Whittaker, Robert",Whittaker,Robert,15,829,43.50%,3,50.00%,6,10,0,0
"Villante, Gian",Villante,Gian,14,828,45.00%,5,22.70%,3,4,0,0
"Sylvia, Tim",Sylvia,Tim,13,828,49.90%,1,100.00%,5,3,1,0
"Saunders, Ben",Saunders,Ben,18,821,64.30%,2,40.00%,3,5,0,3
"Edwards, Yves",Edwards,Yves,21,819,51.00%,6,40.00%,8,24,4,2
"Wiman, Matt",Wiman,Matt,16,812,58.50%,24,38.10%,1,23,5,3
"Pettis, Anthony",Pettis,Anthony,16,811,55.80%,8,44.40%,3,14,8,4
"Escudero, Efrain",Escudero,Efrain,13,806,58.40%,13,40.60%,5,7,1,1
"Simpson, Aaron",Simpson,Aaron,11,800,63.20%,32,34.80%,6,12,0,0
"Taylor, Paul",Taylor,Paul,9,800,58.80%,2,25.00%,4,7,2,0
"Aldo, Jose",Aldo,Jose,14,794,45.70%,12,66.70%,4,12,0,0
"Jackson, Rampage",Jackson,Rampage,13,790,53.60%,6,30.00%,8,9,0,0
"Henderson, Dan",Henderson,Dan,18,779,54.70%,15,42.90%,9,11,3,0
"Kowalkiewicz, Karolina",Kowalkiewicz,Karolina,8,778,44.20%,1,14.30%,0,7,1,0
"Bocek, Mark",Bocek,Mark,13,775,61.80%,36,36.70%,0,48,3,4
"Carmouche, Liz",Carmouche,Liz,11,774,75.50%,22,64.70%,0,19,0,0
"Maynard, Gray",Maynard,Gray,20,774,42.70%,50,47.60%,6,39,4,0
"Yahya, Rani",Yahya,Rani,16,773,60.90%,34,37.00%,0,44,5,6
"Holtzman, Scott",Holtzman,Scott,8,769,63.10%,19,59.40%,3,19,3,1
"Dollaway, CB",Dollaway,CB,20,767,58.90%,39,54.90%,3,39,6,2
"Green, Bobby",Green,Bobby,16,764,53.30%,7,24.10%,1,11,3,1
"Markos, Randa",Markos,Randa,10,760,54.70%,15,26.80%,0,24,4,0
"Sadollah, Amir",Sadollah,Amir,12,759,51.00%,5,27.80%,0,7,0,1
"Teixeira, Glover",Teixeira,Glover,17,756,53.10%,19,47.50%,4,35,1,3
"Neer, Josh",Neer,Josh,15,752,55.50%,10,41.70%,1,5,2,3
"Rivera, Jorge",Rivera,Jorge,15,752,62.30%,7,50.00%,8,5,4,0
"Howard, John",Howard,John,14,751,66.30%,30,49.20%,1,18,3,0
"Liddell, Chuck",Liddell,Chuck,23,746,41.80%,7,87.50%,14,3,2,0
"Kelly, Paul",Kelly,Paul,9,744,56.30%,9,60.00%,1,17,9,1
"Assuncao, Raphael",Assuncao,Raphael,14,742,45.90%,13,33.30%,2,11,0,1
"Dodson, John",Dodson,John,14,739,43.90%,9,30.00%,9,2,0,0
"Hill, Angela",Hill,Angela,8,738,54.80%,3,60.00%,2,1,1,0
"Parisyan, Karo",Parisyan,Karo,13,733,56.10%,53,59.60%,0,37,2,1
"Alcantara, Iuri",Alcantara,Iuri,18,725,54.60%,17,63.00%,4,39,1,2
"Shevchenko, Valentina",Shevchenko,Valentina,7,720,63.70%,17,47.20%,0,12,1,2
"VanZant, Paige",VanZant,Paige,8,716,66.90%,8,34.80%,1,9,4,1
"Cummins, Patrick",Cummins,Patrick,14,714,58.20%,34,41.00%,0,20,0,0
"Pennington, Raquel",Pennington,Raquel,10,713,55.20%,11,28.20%,0,7,0,2
"Davis, Marcus",Davis,Marcus,15,712,55.80%,14,48.30%,6,17,0,4
"Barberena, Bryan",Barberena,Bryan,11,710,60.10%,2,40.00%,5,1,0,1
"Hunt, Mark",Hunt,Mark,19,708,54.90%,7,53.80%,9,8,1,0
"Grant, TJ",Grant,TJ,11,704,61.90%,14,43.80%,2,33,5,1
"Pyle, Mike",Pyle,Mike,19,704,58.70%,16,37.20%,4,16,3,2
"Esparza, Carla",Esparza,Carla,8,701,59.90%,25,35.70%,0,15,2,1
"Castillo, Danny",Castillo,Danny,15,699,52.00%,31,34.80%,2,23,3,0
"Struve, Stefan",Struve,Stefan,22,698,51.50%,6,50.00%,3,16,6,5
"Pellegrino, Kurt",Pellegrino,Kurt,12,698,61.40%,24,54.50%,3,41,4,4
"Eye, Jessica",Eye,Jessica,11,696,43.90%,5,50.00%,0,8,0,0
"Weidman, Chris",Weidman,Chris,15,694,51.10%,37,52.10%,3,33,0,3
"Baroni, Phil",Baroni,Phil,10,688,70.80%,8,44.40%,5,5,2,0
"Oliveira, Charles",Oliveira,Charles,22,683,59.20%,29,42.60%,2,30,3,12
"Murphy, Lauren",Murphy,Lauren,7,683,56.70%,6,30.00%,0,3,0,0
"McGregor, Conor",McGregor,Conor,11,682,55.00%,5,62.50%,12,8,1,0
"Franca, Hermes",Franca,Hermes,11,679,61.00%,16,38.10%,4,9,5,2
"Kampmann, Martin",Kampmann,Martin,17,679,49.50%,19,41.30%,5,22,3,5
"Gracie, Royce",Gracie,Royce,13,678,93.40%,6,37.50%,0,15,3,10
"Gadelha, Claudia",Gadelha,Claudia,9,674,52.90%,33,47.80%,1,28,0,1
"Iaquinta, Al",Iaquinta,Al,14,673,42.50%,8,22.90%,7,6,0,0
"Johnson, Anthony",Johnson,Anthony,19,673,59.60%,19,57.60%,13,10,1,0
"Cejudo, Henry",Cejudo,Henry,10,673,52.70%,19,35.80%,3,12,0,0
"Phan, Nam",Phan,Nam,8,668,38.10%,1,16.70%,0,1,0,0
"Santos, Thiago",Santos,Thiago,18,667,55.30%,6,33.30%,11,13,2,0
"Jingliang, Li",Jingliang,Li,11,667,45.50%,9,33.30%,5,8,2,0
"Smolka, Louis",Smolka,Louis,11,665,51.80%,15,34.90%,1,31,13,2
"Burkman, Joshua",Burkman,Joshua,19,664,48.30%,34,37.00%,2,12,1,1
"Serra, Matt",Serra,Matt,14,664,55.20%,23,20.90%,5,42,5,1
"Dariush, Beneil",Dariush,Beneil,15,661,53.10%,13,31.00%,4,27,0,3
"Muhammad, Belal",Muhammad,Belal,9,658,52.10%,15,39.50%,0,12,0,0
"Lamas, Ricardo",Lamas,Ricardo,15,653,54.40%,16,28.60%,2,10,6,3
"Vera, Brandon",Vera,Brandon,16,650,61.10%,8,53.30%,7,6,0,1
"Caraway, Bryan",Caraway,Bryan,11,649,49.50%,19,21.30%,0,31,1,4
"Calderwood, Joanne",Calderwood,Joanne,10,644,59.40%,8,57.10%,3,6,1,1
"Barnett, Josh",Barnett,Josh,10,643,70.90%,5,62.50%,1,16,1,2
"Tanner, Evan",Tanner,Evan,17,642,68.70%,21,45.70%,1,25,0,4
"Lombard, Hector",Lombard,Hector,14,640,57.90%,15,48.40%,7,10,0,0
"Silva, Thiago",Silva,Thiago,12,639,57.70%,6,46.20%,4,13,0,0
"Blachowicz, Jan",Blachowicz,Jan,13,639,57.50%,13,54.20%,3,12,0,2
"Krause, James",Krause,James,11,636,50.40%,7,14.90%,0,9,3,2
"Holm, Holly",Holm,Holly,10,635,41.50%,6,31.60%,2,9,0,0
"Jardine, Keith",Jardine,Keith,13,630,40.80%,3,33.30%,3,0,0,0
"Saenz, Frankie",Saenz,Frankie,9,626,53.20%,14,32.60%,2,6,2,0
"Grove, Kendall",Grove,Kendall,13,621,64.50%,5,62.50%,2,8,4,2
"Dober, Drew",Dober,Drew,11,619,46.50%,7,17.90%,3,11,0,1
"Huerta, Roger",Huerta,Roger,8,619,48.50%,13,46.40%,0,26,5,1
"Miller, Dan",Miller,Dan,14,616,51.60%,15,51.70%,2,3,2,4
"Moraga, John",Moraga,John,15,610,50.90%,7,23.30%,2,15,3,3
"Ellenberger, Jake",Ellenberger,Jake,21,609,47.00%,23,47.90%,11,6,3,1
"Hooker, Dan",Hooker,Dan,11,605,51.10%,3,37.50%,5,3,2,2
"Alvey, Sam",Alvey,Sam,17,605,50.50%,1,25.00%,7,3,0,1
"Stann, Brian",Stann,Brian,11,602,56.50%,0,0.00%,7,1,1,1
"Woodley, Tyron",Woodley,Tyron,12,600,55.40%,5,41.70%,10,3,0,1
"Overeem, Alistair",Overeem,Alistair,15,597,77.10%,4,30.80%,8,3,0,0
"Reneau, Marion",Reneau,Marion,9,597,50.60%,2,100.00%,0,7,1,2
"Mir, Frank",Mir,Frank,27,593,59.50%,21,40.40%,8,24,1,8
"Strickland, Sean",Strickland,Sean,10,593,38.20%,10,58.80%,3,7,0,0
"Hirota, Mizuto",Hirota,Mizuto,7,592,49.80%,9,45.00%,0,9,0,0
"Oliveira, Alex",Oliveira,Alex,14,590,62.20%,26,37.70%,5,19,1,3
"Volkov, Alexander",Volkov,Alexander,5,589,64.20%,6,75.00%,2,4,0,0
"Cruz, Dominick",Cruz,Dominick,6,585,42.00%,23,39.00%,1,11,2,0
"Rodriguez, Yair",Rodriguez,Yair,9,582,47.50%,8,33.30%,3,9,2,0
"Riley, Aaron",Riley,Aaron,9,581,48.80%,8,34.80%,0,7,0,0
"McCall, Ian",McCall,Ian,7,576,53.60%,11,26.20%,0,14,0,0
"Gurgel, Jorge",Gurgel,Jorge,7,575,43.30%,6,25.00%,0,6,2,0
"Ansaroff, Nina",Ansaroff,Nina,6,574,52.10%,2,40.00%,0,8,1,1
"Munoz, Mark",Munoz,Mark,15,573,58.20%,28,30.10%,2,12,3,0
"Fili, Andre",Fili,Andre,14,570,41.80%,23,46.00%,3,12,3,0
"Severn, Dan",Severn,Dan,13,570,72.40%,9,45.00%,0,13,1,5
"Prazeres, Michel",Prazeres,Michel,12,562,55.30%,42,38.50%,2,46,1,3
"Matyushenko, Vladimir",Matyushenko,Vladimir,12,561,68.20%,19,40.40%,1,17,1,0
"Stevenson, Joe",Stevenson,Joe,16,561,54.70%,31,46.30%,1,23,5,3
"Reis, Wilson",Reis,Wilson,12,557,43.60%,50,43.50%,0,40,2,2
"Herrig, Felice",Herrig,Felice,8,553,45.40%,8,30.80%,0,29,3,2
"Silva, Wanderlei",Silva,Wanderlei,12,551,45.50%,2,40.00%,9,1,0,0
"Swick, Mike",Swick,Mike,15,550,50.20%,8,47.10%,4,14,1,2
"Edwards, Leon",Edwards,Leon,10,547,58.70%,12,29.30%,3,26,3,1
"Aubin-Mercier, Olivier",Aubin-Mercier,Olivier,11,546,61.10%,23,35.40%,2,25,1,4
"Blaydes, Curtis",Blaydes,Curtis,8,545,61.00%,33,55.90%,1,22,0,0
"Munhoz, Pedro",Munhoz,Pedro,11,542,45.90%,7,21.90%,4,6,1,3
"Felder, Paul",Felder,Paul,13,539,48.20%,3,33.30%,3,5,0,1
"Matthews, Jake",Matthews,Jake,12,537,57.10%,17,40.50%,2,16,2,4
"Sanchez, Andrew",Sanchez,Andrew,5,533,57.10%,13,37.10%,2,8,0,0
"Taleb, Nordine",Taleb,Nordine,11,531,63.10%,16,76.20%,2,11,1,0
"Hall, Uriah",Hall,Uriah,14,526,56.00%,7,38.90%,5,1,4,0
"Clark, Devin",Clark,Devin,6,526,73.50%,13,44.80%,2,11,0,0
"Miletich, Pat",Miletich,Pat,10,524,73.60%,10,55.60%,1,10,1,3
"Shamrock, Ken",Shamrock,Ken,15,521,71.80%,8,57.10%,1,8,0,5
"Guillard, Melvin",Guillard,Melvin,22,519,43.10%,14,66.70%,13,6,2,0
"Nunes, Amanda",Nunes,Amanda,11,516,55.50%,11,42.30%,4,14,0,2
"Brunson, Derek",Brunson,Derek,15,515,56.80%,13,24.10%,5,14,0,1
"Belcher, Alan",Belcher,Alan,15,513,49.30%,4,26.70%,3,9,2,3
"LaFlare, Ryan",LaFlare,Ryan,12,513,45.20%,17,42.50%,2,19,4,0
"Ferreira, Cezar",Ferreira,Cezar,14,512,57.00%,28,59.60%,2,19,0,3
"Gamburyan, Manvel",Gamburyan,Manvel,17,512,52.50%,30,32.60%,1,8,1,3
"Knight, Jason",Knight,Jason,9,511,43.10%,10,31.30%,3,4,3,1
"Kingsbury, Kyle",Kingsbury,Kyle,9,510,53.30%,18,41.90%,1,9,0,0
"Martin, Anthony Rocco",Martin,Anthony Rocco,12,510,46.90%,8,25.80%,2,21,3,3
"Nakamura, Keita",Nakamura,Keita,10,510,46.20%,18,52.90%,4,15,2,2
"Garcia, Leonard",Garcia,Leonard,9,509,32.10%,4,33.30%,1,6,5,1
"Perez, Alejandro",Perez,Alejandro,9,509,43.50%,3,16.70%,0,3,0,1
"Omigawa, Michihiro",Omigawa,Michihiro,7,505,59.20%,8,36.40%,1,7,5,0
"Nogueira, Minotauro",Nogueira,Minotauro,11,504,56.00%,8,21.60%,4,17,4,2
"Uno, Caol",Uno,Caol,10,502,66.50%,20,31.30%,0,18,6,0
"Coleman, Mark",Coleman,Mark,12,501,68.50%,25,50.00%,0,25,0,3
"Tuck, Jon",Tuck,Jon,9,500,49.80%,3,33.30%,2,18,1,2
"Pulver, Jens",Pulver,Jens,9,500,57.70%,4,80.00%,1,7,5,0
"Sherman, Chase",Sherman,Chase,7,500,46.70%,0,-,1,1,0,0
"Healy, Pat",Healy,Pat,6,498,49.10%,9,25.00%,0,4,0,0
"Hardy, Dan",Hardy,Dan,10,491,46.30%,6,35.30%,3,0,0,0
"Volkanovski, Alexander",Volkanovski,Alexander,6,489,62.50%,16,41.00%,4,14,1,0
"Scoggins, Justin",Scoggins,Justin,9,486,57.80%,23,63.90%,1,32,0,0
"Clementi, Rich",Clementi,Rich,10,486,58.70%,14,42.40%,0,20,3,3
"Ray, Stevie",Ray,Stevie,10,485,51.50%,5,55.60%,1,8,0,0
"Grice, Matt",Grice,Matt,7,480,66.70%,9,37.50%,3,21,0,0
"Sotiropoulos, George",Sotiropoulos,George,11,479,37.50%,17,31.50%,1,34,2,4
"Njokuani, Anthony",Njokuani,Anthony,8,477,47.60%,3,37.50%,1,0,1,0
"Khabilov, Rustam",Khabilov,Rustam,14,475,46.50%,38,45.20%,1,8,1,0
"Rodriguez, Ricco",Rodriguez,Ricco,7,473,75.60%,17,40.50%,0,25,2,0
"Lobov, Artem",Lobov,Artem,7,472,44.70%,3,25.00%,0,2,0,0
"Glenn, Rick",Glenn,Rick,6,472,46.50%,4,13.80%,1,1,0,0
"Krylov, Nikita",Krylov,Nikita,10,470,69.10%,2,28.60%,3,6,3,3
"Vick, James",Vick,James,12,470,42.80%,2,33.30%,4,3,2,3
"Brown, Mike",Brown,Mike,6,469,67.90%,13,31.00%,0,8,0,0
"Ho Kang, Kyung",Ho Kang,Kyung,8,465,62.80%,12,66.70%,0,32,5,2
"Wineland, Eddie",Wineland,Eddie,12,465,29.60%,2,20.00%,6,3,0,0
"Gonzaga, Gabriel",Gonzaga,Gabriel,22,464,55.60%,24,38.10%,7,33,0,4
"Lewis, Derrick",Lewis,Derrick,16,462,53.10%,5,23.80%,5,16,2,0
"Aldana, Irene",Aldana,Irene,4,462,47.80%,2,50.00%,0,6,3,0
"Laprise, Chad",Laprise,Chad,10,461,45.30%,6,54.50%,3,7,0,0
"Lesnar, Brock",Lesnar,Brock,8,456,82.50%,15,53.60%,2,18,0,1
"Cro Cop, Mirko",Cro Cop,Mirko,11,455,59.20%,2,33.30%,3,7,0,1
"Bahadurzada, Siyar",Bahadurzada,Siyar,8,451,58.50%,8,61.50%,5,6,1,1
"Pudilova, Lucie",Pudilova,Lucie,5,449,46.00%,0,0.00%,2,3,1,0
"Camacho, Frank",Camacho,Frank,4,449,53.60%,5,45.50%,0,5,2,0
"Akhmedov, Omari",Akhmedov,Omari,10,445,41.90%,19,51.40%,2,7,0,0
"Morono, Alex",Morono,Alex,7,444,46.70%,0,0.00%,2,4,0,1
"Monson, Jeff",Monson,Jeff,7,442,67.40%,8,17.00%,1,7,3,1
"Mendes, Chad",Mendes,Chad,14,441,53.50%,27,48.20%,8,7,0,0
"Brilz, Jason",Brilz,Jason,7,440,59.80%,11,25.00%,0,24,3,0
"Chookagian, Katlyn",Chookagian,Katlyn,6,440,34.90%,0,0.00%,1,0,0,0
"Sobral, Renato",Sobral,Renato,10,439,70.10%,16,66.70%,0,5,1,4
"Northcutt, Sage",Northcutt,Sage,8,439,63.20%,9,34.60%,2,10,1,1
"Formiga, Jussier",Formiga,Jussier,13,438,56.70%,17,37.80%,2,33,0,3
"Johns, Brett",Johns,Brett,5,438,61.70%,15,48.40%,0,6,0,1
"Burgos, Shane",Burgos,Shane,5,437,50.80%,2,100.00%,5,2,0,1
"White, Alex",White,Alex,9,436,46.50%,5,45.50%,4,3,2,0
"Lawlor, Tom",Lawlor,Tom,12,435,55.60%,16,32.00%,3,6,0,2
"Thomas, Din",Thomas,Din,9,435,57.50%,9,52.90%,1,9,0,2
"Font, Rob",Font,Rob,9,435,42.20%,7,33.30%,5,5,1,1
"Gordon, Jared",Gordon,Jared,4,435,61.10%,9,40.90%,0,15,0,0
"Soszynski, Krzysztof",Soszynski,Krzysztof,9,434,50.50%,3,27.30%,1,10,0,2
"Rizzo, Pedro",Rizzo,Pedro,14,432,46.20%,2,28.60%,8,1,0,0
"Fioravanti, Luigi",Fioravanti,Luigi,9,429,56.70%,24,63.20%,2,17,1,0
"Moicano, Renato",Moicano,Renato,9,429,48.40%,6,54.50%,1,9,0,2
"Quarry, Nate",Quarry,Nate,10,428,51.90%,1,33.30%,6,2,0,0
"Vera, Marlon",Vera,Marlon,10,427,47.60%,6,37.50%,4,12,0,3
"Almeida, Ricardo",Almeida,Ricardo,11,426,63.90%,32,38.10%,0,22,0,3
"Hominick, Mark",Hominick,Mark,7,424,50.40%,2,66.70%,3,1,0,1
"Burns, Gilbert",Burns,Gilbert,11,424,48.20%,16,37.20%,3,16,0,3
"Evans-Smith, Ashlee",Evans-Smith,Ashlee,8,422,42.80%,5,27.80%,0,5,0,0
"Sakara, Alessio",Sakara,Alessio,15,421,55.10%,11,78.60%,4,4,2,0
"Menjivar, Ivan",Menjivar,Ivan,9,420,52.90%,2,28.60%,2,2,0,2
"Sobotta, Peter",Sobotta,Peter,11,420,53.90%,12,35.30%,4,16,1,1
"Waterson, Michelle",Waterson,Michelle,6,420,70.50%,10,62.50%,0,16,1,2
"Moraes, Sergio",Moraes,Sergio,12,419,50.40%,10,34.50%,1,18,0,3
"Chiesa, Michael",Chiesa,Michael,13,412,51.70%,21,43.80%,1,21,1,6
"Medeiros, Yancy",Medeiros,Yancy,16,411,37.60%,1,33.30%,9,5,2,3
"Frye, Don",Frye,Don,10,410,83.50%,4,66.70%,1,9,2,3
"Shelton, Eric",Shelton,Eric,5,410,59.90%,17,51.50%,0,5,1,0
"Sullivan, George",Sullivan,George,8,404,52.40%,6,20.70%,0,7,1,0
"Sanchez, Eddie",Sanchez,Eddie,6,402,60.90%,4,26.70%,4,8,1,0
"Perry, Mike",Perry,Mike,9,402,47.70%,5,55.60%,7,10,0,0
"Cummings, Zak",Cummings,Zak,10,399,39.30%,7,35.00%,3,10,1,3
"Zingano, Cat",Zingano,Cat,7,397,74.80%,13,65.00%,0,13,4,0
"Klose, Drakkar",Klose,Drakkar,5,395,58.30%,8,30.80%,0,2,0,0
"Jung, Chan Sung",Jung,Chan Sung,8,393,45.50%,5,41.70%,2,7,0,2
"Gruetzemacher, Chris",Gruetzemacher,Chris,6,392,63.90%,0,-,0,0,0,0
"Dvalishvili, Merab",Dvalishvili,Merab,3,391,52.60%,22,41.50%,1,4,0,0
"Vannata, Lando",Vannata,Lando,6,388,45.40%,7,41.20%,5,2,0,0
"Blackburn, Brad",Blackburn,Brad,5,384,41.40%,4,50.00%,5,2,0,0
"Johnson, Jordan",Johnson,Jordan,4,384,61.10%,11,42.30%,0,9,0,1
"Herring, Heath",Herring,Heath,5,383,59.90%,5,83.30%,5,6,6,0
"Thiago, Paulo",Thiago,Paulo,13,382,47.10%,14,31.80%,4,19,3,1
"Ortega, Brian",Ortega,Brian,9,382,35.10%,3,16.70%,3,4,1,3
"Catone, Nick",Catone,Nick,8,378,59.00%,23,44.20%,0,19,1,1
"Melendez, Gilbert",Melendez,Gilbert,7,378,36.80%,3,18.80%,0,0,0,0
"Rockhold, Luke",Rockhold,Luke,10,377,59.90%,5,45.50%,2,12,0,3
"Kohsaka, Tsuyoshi",Kohsaka,Tsuyoshi,6,377,73.80%,7,30.40%,0,11,2,0
"Modafferi, Roxanne",Modafferi,Roxanne,4,376,37.70%,4,19.00%,0,6,0,0
"Alves, Warlley",Alves,Warlley,10,376,53.00%,8,44.40%,1,7,0,3
"Belfort, Vitor",Belfort,Vitor,26,375,53.20%,6,75.00%,11,10,1,2
"MacDonald, Jason",MacDonald,Jason,14,374,73.50%,8,16.30%,0,13,4,4
"Patrick, Alan",Patrick,Alan,8,373,59.00%,22,40.70%,1,22,0,0
"Rothwell, Ben",Rothwell,Ben,11,373,49.40%,7,33.30%,3,16,0,2
"de Randamie, Germaine",de Randamie,Germaine,9,372,59.70%,0,0.00%,1,1,0,0
"Shamrock, Frank",Shamrock,Frank,5,372,86.90%,1,100.00%,2,1,5,3
"Doerksen, Joe",Doerksen,Joe,9,371,68.20%,12,34.30%,1,13,3,2
"Rakic, Aleksandar",Rakic,Aleksandar,3,371,68.30%,3,60.00%,2,4,0,0
"Nover, Phillipe",Nover,Phillipe,7,370,54.20%,6,28.60%,0,1,2,0
"Rivera, Jimmie",Rivera,Jimmie,8,370,43.90%,5,27.80%,3,0,0,0
"Jury, Myles",Jury,Myles,13,369,47.40%,16,55.20%,2,14,3,1
"Smith, Anthony",Smith,Anthony,10,369,51.90%,4,28.60%,5,5,2,1
"Cummo, Luke",Cummo,Luke,7,366,63.20%,5,55.60%,4,7,0,0
"Menne, Dave",Menne,Dave,6,363,63.40%,2,50.00%,0,2,3,0
"Varner, Jamie",Varner,Jamie,9,361,45.10%,23,60.50%,2,10,2,1
"Ludwig, Duane",Ludwig,Duane,9,361,44.60%,1,16.70%,1,0,0,0
"Smith, Maurice",Smith,Maurice,7,357,88.80%,0,-,0,1,1,1
"Almeida, Thomas",Almeida,Thomas,9,352,46.00%,0,-,3,0,0,0
"Gaethje, Justin",Gaethje,Justin,4,351,54.70%,0,0.00%,1,0,0,0
"Grasso, Alexa",Grasso,Alexa,6,350,52.90%,1,50.00%,0,1,1,0
"Petz, Forrest",Petz,Forrest,7,348,43.40%,7,100.00%,5,4,2,0
"O'Brien, Jake",O'Brien,Jake,7,347,61.20%,30,56.60%,1,19,2,0
"Kelleher, Brian",Kelleher,Brian,6,343,53.30%,4,26.70%,1,3,1,1
"Stamann, Cody",Stamann,Cody,4,340,55.20%,15,71.40%,0,8,0,0
"Palhares, Rousimar",Palhares,Rousimar,12,339,66.60%,14,38.90%,1,14,4,6
"Schafer, Eric",Schafer,Eric,9,339,54.60%,9,36.00%,0,16,3,2
"Aguilar, Jessica",Aguilar,Jessica,5,339,57.80%,4,26.70%,0,1,0,0
"Manuwa, Jimi",Manuwa,Jimi,13,336,57.30%,3,18.80%,3,1,0,0
"Branch, David",Branch,David,8,334,59.10%,14,32.60%,1,11,0,0
"Garcia, Alex",Garcia,Alex,11,330,40.30%,29,52.70%,3,18,1,1
"Horn, Jeremy",Horn,Jeremy,13,330,60.60%,11,32.40%,0,17,1,4
"Hermansson, Jack",Hermansson,Jack,8,330,63.10%,7,46.70%,0,15,0,1
"Cannonier, Jared",Cannonier,Jared,9,328,56.30%,1,33.30%,2,3,0,0
"Henrique, Luis",Henrique,Luis,8,328,58.50%,15,36.60%,0,10,0,2
"Torres, Miguel",Torres,Miguel,4,326,59.90%,0,0.00%,0,5,2,0
"Aldrich, JJ",Aldrich,JJ,4,326,48.90%,1,16.70%,0,2,0,0
"Anders, Eryk",Anders,Eryk,6,326,53.70%,11,39.30%,4,8,0,0
"Ishihara, Teruto",Ishihara,Teruto,9,325,48.70%,3,16.70%,7,4,0,0
"Suarez, Tatiana",Suarez,Tatiana,5,322,79.30%,18,81.80%,0,31,0,2
"Palelei, Soa",Palelei,Soa,7,319,74.40%,9,45.00%,0,13,0,0
"Cooper, Amanda",Cooper,Amanda,6,319,55.10%,5,38.50%,0,17,1,0
"Ottow, Zak",Ottow,Zak,7,314,47.60%,4,25.00%,2,7,1,0
"Mazany, Gina",Mazany,Gina,4,314,72.20%,7,77.80%,0,1,0,0
"Lansberg, Lina",Lansberg,Lina,6,312,61.90%,2,22.20%,0,0,0,0
"Abbott, David",Abbott,David,18,311,58.30%,10,62.50%,4,10,1,2
"Carneiro, Roan",Carneiro,Roan,10,311,66.60%,18,47.40%,0,24,2,1
"Moroz, Maryna",Moroz,Maryna,6,311,29.50%,1,20.00%,0,3,0,1
"Kim, Ji Yeon",Kim,Ji Yeon,4,311,37.30%,0,0.00%,0,0,0,0
"Fickett, Drew",Fickett,Drew,7,310,56.20%,6,37.50%,1,4,1,3
"Borg, Ray",Borg,Ray,10,310,63.40%,22,44.00%,0,42,2,2
"Moras, Sarah",Moras,Sarah,6,309,58.70%,4,22.20%,0,5,1,1
"Oleinik, Aleksei",Oleinik,Aleksei,8,308,66.10%,9,39.10%,2,10,1,5
"Sell, Pete",Sell,Pete,7,308,55.60%,4,21.10%,1,2,1,1
"Sinosic, Elvis",Sinosic,Elvis,7,308,73.70%,0,0.00%,1,2,0,1
"Kimmons, Rob",Kimmons,Rob,7,307,72.90%,7,46.70%,0,6,1,2
"Ferreira, Diego",Ferreira,Diego,8,306,48.30%,3,23.10%,2,13,2,1
"Teymur, David",Teymur,David,6,305,44.90%,4,33.30%,2,0,0,0
"Ware, Terrion",Ware,Terrion,4,304,37.10%,2,22.20%,0,1,0,0
"Burnett, Mikey",Burnett,Mikey,3,302,64.90%,3,100.00%,1,0,1,0
"Abdurakhimov, Shamil",Abdurakhimov,Shamil,6,302,58.30%,7,26.90%,1,4,0,0
"Randleman, Kevin",Randleman,Kevin,7,300,59.30%,21,70.00%,0,13,0,0
"Silva, Joaquim",Silva,Joaquim,7,299,43.80%,1,50.00%,1,4,0,0
"Lambert, Jason",Lambert,Jason,8,298,70.00%,4,36.40%,3,8,0,1
"Brown, Randy",Brown,Randy,8,296,50.80%,5,41.70%,1,4,1,1
"Luque, Vicente",Luque,Vicente,10,293,57.30%,6,50.00%,5,7,0,3
"Cirkunov, Misha",Cirkunov,Misha,8,293,64.80%,10,58.80%,0,12,1,4
"Haqparast, Nasrat",Haqparast,Nasrat,3,293,50.20%,1,25.00%,3,1,0,0
"Thomson, Josh",Thomson,Josh,8,291,52.20%,11,36.70%,2,5,0,0
"Prangley, Trevor",Prangley,Trevor,4,291,75.80%,14,63.60%,0,10,0,1
"Magomedsharipov, Zabit",Magomedsharipov,Zabit,5,291,58.60%,23,63.90%,0,14,3,3
"Koch, Erik",Koch,Erik,13,290,47.00%,3,60.00%,2,7,1,1
"Holobaugh, Kurt",Holobaugh,Kurt,3,289,56.80%,2,40.00%,1,0,0,0
"Johnson, Lavar",Johnson,Lavar,4,289,73.00%,1,100.00%,2,1,0,0
"Cane, Luiz",Cane,Luiz,9,288,43.90%,2,28.60%,6,2,0,0
"Hallman, Dennis",Hallman,Dennis,9,288,67.90%,10,30.30%,1,12,2,2
"Nunes, Diego",Nunes,Diego,6,287,45.80%,5,55.60%,3,1,0,0
"Arce, Julio",Arce,Julio,4,286,41.30%,1,16.70%,0,2,0,1
"Lopez, Matthew",Lopez,Matthew,6,285,57.70%,15,60.00%,0,7,2,0
"Burns, Kevin",Burns,Kevin,5,283,55.10%,1,50.00%,2,1,0,1
"Salaverry, Ivan",Salaverry,Ivan,7,283,67.70%,2,20.00%,1,8,1,2
"Cantwell, Steve",Cantwell,Steve,6,282,34.20%,3,30.00%,0,3,0,1
"Soukhamthath, Andre",Soukhamthath,Andre,5,280,51.50%,7,63.60%,6,7,0,0
"Bohlander, Jerry",Bohlander,Jerry,7,279,82.50%,3,50.00%,0,6,2,4
"Adesanya, Israel",Adesanya,Israel,5,279,58.60%,0,0.00%,4,2,0,0
"Aurelio, Marcus",Aurelio,Marcus,6,277,47.00%,5,14.30%,1,4,0,1
"Skelly, Chas",Skelly,Chas,9,276,55.00%,11,39.30%,1,19,4,4
"Nelson, Gunnar",Nelson,Gunnar,13,275,65.20%,12,57.10%,1,27,2,7
"Moyle, Jamie",Moyle,Jamie,3,274,56.50%,3,21.40%,0,2,0,0
"Willis, Justin",Willis,Justin,4,274,65.70%,4,66.70%,2,3,0,0
"Kennedy, Tim",Kennedy,Tim,5,273,52.50%,10,34.50%,1,13,1,0
"Green, Desmond",Green,Desmond,5,273,45.00%,5,35.70%,0,1,0,0
"Garbrandt, Cody",Garbrandt,Cody,8,271,38.20%,5,33.30%,9,3,0,0
"McCrory, Tamdan",McCrory,Tamdan,9,269,60.00%,11,47.80%,0,24,4,2
"Dent, Jason",Dent,Jason,4,268,63.40%,0,-,0,0,1,1
"Harris, Walt",Harris,Walt,11,266,39.90%,2,33.30%,6,4,0,0
"Oezdemir, Volkan",Oezdemir,Volkan,7,266,54.10%,1,50.00%,1,2,0,0
"Nguyen, Ben",Nguyen,Ben,7,265,44.80%,1,33.30%,3,4,2,2
"Bochniak, Kyle",Bochniak,Kyle,6,263,34.60%,7,18.90%,1,2,0,0
"Yoder, Ashley",Yoder,Ashley,4,263,46.10%,5,50.00%,1,10,4,0
"Sanders, Luke",Sanders,Luke,6,262,57.00%,1,33.30%,2,1,0,1
"Gouveia, Wilson",Gouveia,Wilson,10,261,46.00%,4,66.70%,4,8,0,4
"Ferrozzo, Scott",Ferrozzo,Scott,5,260,82.30%,4,57.10%,0,1,0,1
"Etim, Terry",Etim,Terry,11,258,38.30%,3,30.00%,2,1,1,4
"Hoger, Sam",Hoger,Sam,5,257,53.40%,5,38.50%,1,7,1,1
"Roberts, Danny",Roberts,Danny,8,257,44.20%,0,0.00%,2,4,0,1
"Di Chirico, Alessio",Di Chirico,Alessio,6,254,48.80%,9,56.30%,2,7,0,0
"Quinonez, Jose",Quinonez,Jose,5,252,48.70%,12,50.00%,2,14,1,1
"Rutten, Bas",Rutten,Bas,2,251,85.10%,0,-,1,0,0,0
"Griffin, Max",Griffin,Max,7,251,48.30%,1,25.00%,3,1,1,0
"Riggs, Joe",Riggs,Joe,12,249,60.30%,13,61.90%,1,13,2,1
"Sanchez, Joby",Sanchez,Joby,5,248,38.60%,2,50.00%,2,5,1,0
"Chonan, Ryo",Chonan,Ryo,4,247,48.90%,2,50.00%,0,0,4,0
"Robinson, Alvin",Robinson,Alvin,4,247,73.50%,3,50.00%,0,0,4,0
"Davis, Brandon",Davis,Brandon,4,246,41.20%,1,33.30%,0,1,0,0
"Yan, Petr",Yan,Petr,3,245,55.80%,3,60.00%,2,2,1,0
"Holland, Kevin",Holland,Kevin,2,245,70.80%,5,71.40%,0,10,0,1
"Emerson, Rob",Emerson,Rob,7,243,36.40%,10,52.60%,2,1,0,0
"Montano, Nicco",Montano,Nicco,1,242,46.20%,3,50.00%,0,5,1,0
"Rogerio de Lima, Marcos",Rogerio de Lima,Marcos,9,239,66.90%,3,60.00%,3,6,1,1
"Johnson, Kajan",Johnson,Kajan,7,238,45.10%,9,37.50%,2,6,1,0
"Brooks, Jarred",Brooks,Jarred,4,238,61.50%,16,57.10%,0,3,0,0
"Silva, Claudio",Silva,Claudio,6,237,63.90%,7,25.90%,0,17,0,1
"Taylor, Danielle",Taylor,Danielle,5,237,32.30%,1,20.00%,0,0,0,0
"Clark, Jessica-Rose",Clark,Jessica-Rose,3,237,53.60%,4,66.70%,0,7,2,0
"Kattar, Calvin",Kattar,Calvin,4,236,42.40%,2,33.30%,2,0,0,0
"Gouti, Thibault",Gouti,Thibault,6,235,40.20%,4,80.00%,1,3,1,0
"Calvillo, Cynthia",Calvillo,Cynthia,6,234,44.90%,7,53.80%,0,12,0,3
"Martinez, Danny",Martinez,Danny,4,233,35.60%,14,50.00%,1,3,1,0
"Castillo, Gil",Castillo,Gil,3,231,83.10%,10,45.50%,0,2,0,0
"McCully, Justin",McCully,Justin,4,231,61.60%,4,44.40%,1,2,1,0
"Hall, Ryan",Hall,Ryan,3,230,66.90%,1,20.00%,0,1,0,1
"Stewart, Darren",Stewart,Darren,7,227,49.80%,7,41.20%,2,2,0,0
"Perez, Alex",Perez,Alex,5,226,53.30%,8,47.10%,1,2,0,2
"Waterman, Ron",Waterman,Ron,4,225,78.40%,6,37.50%,0,7,0,0
"Kondo, Syuri",Kondo,Syuri,3,225,44.10%,0,-,0,0,0,0
"Gillespie, Gregor",Gillespie,Gregor,6,224,60.70%,17,47.20%,2,29,0,2
"Martin, Terry",Martin,Terry,6,223,65.00%,9,36.00%,1,4,0,0
"Breese, Tom",Breese,Tom,6,223,56.30%,0,0.00%,3,3,1,0
"Till, Darren",Till,Darren,7,223,46.40%,3,33.30%,4,1,0,0
"Cutelaba, Ion",Cutelaba,Ion,6,222,36.20%,6,66.70%,1,3,0,0
"Varelans, Paul",Varelans,Paul,8,221,67.20%,2,100.00%,1,6,0,1
"Verissimo, Renato",Verissimo,Renato,3,221,81.00%,3,25.00%,0,9,2,0
"Penne, Jessica",Penne,Jessica,6,221,41.70%,5,18.50%,0,9,1,0
"Loiseau, David",Loiseau,David,9,220,51.30%,3,42.90%,4,5,2,0
"Perosh, Anthony",Perosh,Anthony,13,217,51.10%,9,22.50%,2,15,0,3
"Latifi, Ilir",Latifi,Ilir,12,216,45.40%,10,32.30%,4,6,0,2
"Goulet, Jonathan",Goulet,Jonathan,9,216,61.90%,14,70.00%,2,17,4,1
"O'Malley, Sean",O'Malley,Sean,2,215,57.20%,3,50.00%,0,1,1,0
"Chambers, Alex",Chambers,Alex,5,214,62.80%,7,41.20%,0,5,0,1
"Taisumov, Mairbek",Taisumov,Mairbek,12,213,45.10%,7,77.80%,4,2,0,0
"Barry, Pat",Barry,Pat,12,213,54.80%,0,0.00%,8,5,0,0
"Sandhagen, Cory",Sandhagen,Cory,3,212,62.70%,1,100.00%,1,3,1,0
"Marshall, Eliot",Marshall,Eliot,6,211,38.70%,2,33.30%,1,4,0,1
"Saraiva, Diego",Saraiva,Diego,3,208,56.80%,4,40.00%,0,9,1,0
"Hougland, Jeff",Hougland,Jeff,3,207,64.10%,2,13.30%,0,0,2,0
"Day, Martin",Day,Martin,2,205,52.40%,2,66.70%,1,1,0,0
"Wood, Nathaniel",Wood,Nathaniel,2,204,61.60%,2,66.70%,1,5,0,2
"Katona, Brad",Katona,Brad,2,203,60.20%,2,20.00%,0,3,0,0
"Arroyo, Matt",Arroyo,Matt,3,201,76.40%,4,36.40%,0,2,0,1
"Magomedov, Ruslan",Magomedov,Ruslan,6,201,50.50%,1,100.00%,1,0,0,0
"Nelson, Shane",Nelson,Shane,4,199,56.90%,4,18.20%,1,4,0,0
"Starnes, Kalib",Starnes,Kalib,5,199,56.70%,5,33.30%,0,4,1,1
"Taktarov, Oleg",Taktarov,Oleg,9,199,71.30%,0,0.00%,0,3,2,5
"Costa, Paulo",Costa,Paulo,4,198,60.40%,0,0.00%,3,0,0,0
"Bernardo, Talita",Bernardo,Talita,3,198,54.80%,6,25.00%,0,9,2,0
"Peterson, Steven",Peterson,Steven,2,197,38.20%,3,18.80%,0,3,1,0
"Kunchenko, Aleksei",Kunchenko,Aleksei,2,197,53.40%,1,50.00%,0,0,0,0
"Alessio, John",Alessio,John,5,195,44.90%,2,18.20%,0,3,1,0
"Golm, Marcelo",Golm,Marcelo,3,195,66.80%,1,50.00%,0,2,0,1
"Freeman, Ian",Freeman,Ian,6,194,67.80%,2,40.00%,0,0,2,0
"Coulter, Rashad",Coulter,Rashad,4,193,57.40%,0,0.00%,1,1,0,0
"Roller, Shane",Roller,Shane,6,192,45.20%,5,21.70%,1,6,2,0
"Carwin, Shane",Carwin,Shane,6,189,54.60%,2,28.60%,4,5,0,0
"Allen, Arnold",Allen,Arnold,6,186,44.50%,8,57.10%,1,7,0,2
"Ledet, Justin",Ledet,Justin,5,186,44.70%,1,50.00%,0,1,0,1
"Dawodu, Hakeem",Dawodu,Hakeem,3,186,47.60%,0,0.00%,0,0,0,0
"Kang, Denis",Kang,Denis,3,184,61.10%,8,66.70%,1,18,0,0
"Clark, Logan",Clark,Logan,1,183,83.60%,0,-,0,4,1,0
"Yadong, Song",Yadong,Song,3,183,50.00%,3,100.00%,2,5,0,1
"Craig, Paul",Craig,Paul,5,182,65.50%,6,30.00%,0,7,1,2
"Meerschaert, Gerald",Meerschaert,Gerald,6,182,54.70%,6,37.50%,1,5,3,3
"Wellisch, Christian",Wellisch,Christian,5,181,37.40%,3,42.90%,1,3,1,1
"Clark, Laverne",Clark,Laverne,5,180,76.90%,2,100.00%,1,3,2,0
"Reljic, Goran",Reljic,Goran,4,180,51.40%,6,50.00%,1,4,2,0
"Marshman, Jack",Marshman,Jack,6,178,35.00%,0,-,3,0,0,0
"Barcelos, Raoni",Barcelos,Raoni,2,178,64.00%,5,83.30%,1,4,0,1
"Millender, Curtis",Millender,Curtis,3,178,48.20%,1,100.00%,2,1,0,0
"Narimani, Nad",Narimani,Nad,2,178,56.20%,7,43.80%,0,8,0,0
"Ayari, Jessin",Ayari,Jessin,3,177,40.20%,0,0.00%,0,0,0,0
"Eubanks, Sijara",Eubanks,Sijara,3,177,40.00%,5,62.50%,1,4,0,0
"Kotani, Naoyuki",Kotani,Naoyuki,5,176,58.30%,3,16.70%,0,4,3,0
"Kunitskaya, Yana",Kunitskaya,Yana,3,176,75.90%,6,50.00%,0,3,0,0
"Christison, Dan",Christison,Dan,2,175,60.30%,0,-,0,1,1,1
"Hironaka, Kuniyoshi",Hironaka,Kuniyoshi,4,175,66.00%,8,32.00%,1,13,0,0
"Wisniewski, Keith",Wisniewski,Keith,4,174,58.00%,6,42.90%,0,8,1,0
"Bravo, Martin",Bravo,Martin,3,174,43.30%,3,33.30%,1,0,0,0
"Jackson, Eugene",Jackson,Eugene,7,173,56.70%,2,50.00%,2,0,0,1
"Carter, Shonie",Carter,Shonie,6,172,55.00%,7,77.80%,2,4,4,0
"Ngannou, Francis",Ngannou,Francis,10,172,42.80%,0,0.00%,4,0,0,1
"Benoit, Ryan",Benoit,Ryan,7,171,39.60%,1,20.00%,4,3,2,0
"Hazelett, Dustin",Hazelett,Dustin,10,170,48.20%,2,50.00%,0,0,1,4
"Good, Lyman",Good,Lyman,6,170,52.80%,1,100.00%,2,1,0,0
"de la Rocha, Chris",de la Rocha,Chris,4,169,52.20%,4,30.80%,0,5,0,0
"Schnell, Matt",Schnell,Matt,4,169,39.50%,1,25.00%,0,2,0,0
"Hadzovic, Damir",Hadzovic,Damir,4,168,53.50%,0,0.00%,2,0,0,0
"Brennan, Chris",Brennan,Chris,3,167,84.30%,1,33.30%,0,1,0,1
"Giagos, Christos",Giagos,Christos,5,167,43.90%,6,40.00%,0,5,2,1
"Liaudin, Jess",Liaudin,Jess,5,166,65.10%,8,53.30%,2,2,0,1
"Larson, Brock",Larson,Brock,6,164,64.30%,9,30.00%,0,6,0,2
"Buentello, Paul",Buentello,Paul,6,163,50.90%,1,50.00%,3,2,1,1
"Massenzio, Mike",Massenzio,Mike,7,163,52.80%,10,24.40%,1,9,0,1
"Ramos, Ricardo",Ramos,Ricardo,4,163,46.20%,4,50.00%,2,4,0,0
"Albu, Alexandra",Albu,Alexandra,3,162,54.90%,5,55.60%,0,2,0,1
"Mohr, Nate",Mohr,Nate,4,162,47.50%,1,50.00%,0,1,0,0
"Steinbeiss, Steve",Steinbeiss,Steve,2,162,74.00%,0,0.00%,0,0,0,0
"Williams, Pete",Williams,Pete,8,162,57.90%,3,50.00%,2,8,0,2
"Lima, Dhiego",Lima,Dhiego,7,162,52.80%,6,66.70%,2,9,0,0
"Reyes, Dominick",Reyes,Dominick,5,162,62.10%,1,25.00%,3,2,0,1
"Drwal, Tomasz",Drwal,Tomasz,6,161,43.40%,9,60.00%,1,8,0,1
"Imes, Brad",Imes,Brad,3,160,37.60%,5,71.40%,0,3,1,0
"Brookins, Jonathan",Brookins,Jonathan,5,157,49.40%,6,15.80%,0,4,0,0
"Kara-France, Kai",Kara-France,Kai,2,157,60.20%,0,-,1,5,1,0
"Credeur, Tim",Credeur,Tim,5,156,33.80%,1,100.00%,2,3,0,1
"Milstead, Adam",Milstead,Adam,4,156,51.50%,0,-,0,0,0,0
"Pedro, Tyson",Pedro,Tyson,6,156,69.30%,2,25.00%,2,4,0,2
"Price, Niko",Price,Niko,8,156,36.70%,4,28.60%,2,6,2,2
"Rinaldi, Jordan",Rinaldi,Jordan,5,155,64.30%,5,45.50%,0,10,1,1
"Henry, Danny",Henry,Danny,2,155,62.50%,1,33.30%,2,8,0,1
"Lister, Dean",Lister,Dean,6,154,46.00%,8,14.80%,0,6,1,2
"Lajcik, Tim",Lajcik,Tim,3,153,71.80%,0,0.00%,0,4,0,0
"Horcher, Darrell",Horcher,Darrell,4,153,56.70%,1,50.00%,0,3,1,0
"Arnett, Austin",Arnett,Austin,4,153,50.70%,2,18.20%,0,2,0,0
"Emeev, Ramazan",Emeev,Ramazan,3,152,54.30%,6,33.30%,1,1,0,0
"Ige, Dan",Ige,Dan,3,151,51.70%,5,23.80%,0,9,1,0
"Jensen, Ryan",Jensen,Ryan,8,150,49.70%,4,50.00%,1,3,2,2
"DeSouza, Tony",DeSouza,Tony,6,148,77.90%,6,42.90%,0,6,1,2
"Esquibel, Jodie",Esquibel,Jodie,3,147,40.20%,0,0.00%,0,0,0,0
"Weili, Zhang",Weili,Zhang,3,146,52.30%,2,40.00%,0,3,0,1
"Eklund, Per",Eklund,Per,3,145,78.00%,4,11.10%,0,3,0,1
"Santiago, Jorge",Santiago,Jorge,6,145,41.00%,2,25.00%,1,4,1,0
"van Arsdale, Mike",van Arsdale,Mike,4,145,56.20%,3,20.00%,0,9,1,1
"Bessette, Matt",Bessette,Matt,2,143,42.70%,0,0.00%,0,0,1,0
"Cruz, Marcio",Cruz,Marcio,4,142,58.40%,1,7.10%,0,2,0,1
"Fryklund, Tony",Fryklund,Tony,4,142,72.40%,1,50.00%,1,5,0,1
"Kondo, Yuki",Kondo,Yuki,3,142,82.60%,0,0.00%,2,1,2,0
"Simon, Ricky",Simon,Ricky,3,141,47.80%,23,50.00%,0,12,1,0
"Trizano, Michael",Trizano,Michael,2,141,64.10%,1,50.00%,0,2,1,0
"Silva, Assuerio",Silva,Assuerio,3,140,67.30%,7,38.90%,0,5,0,0
"Tukhugov, Zubaira",Tukhugov,Zubaira,6,139,37.30%,7,46.70%,0,0,0,0
"Zawada, David",Zawada,David,2,137,48.20%,2,22.20%,1,4,1,0
"Berger, Steve",Berger,Steve,3,136,73.50%,1,33.30%,0,1,1,0
"Young, Shane",Young,Shane,3,136,43.50%,2,33.30%,0,2,0,0
"Erosa, Julian",Erosa,Julian,3,135,61.90%,3,75.00%,0,2,0,0
"Sanchez, Roberto",Sanchez,Roberto,3,135,73.40%,5,62.50%,0,2,0,1
"Petruzelli, Seth",Petruzelli,Seth,4,134,57.30%,1,50.00%,2,0,0,0
"Byrd, Charles",Byrd,Charles,3,134,69.80%,3,50.00%,0,9,1,2
"Kassem, Nadia",Kassem,Nadia,3,134,65.70%,0,0.00%,0,1,2,0
"Andy, Reese",Andy,Reese,2,133,68.20%,1,20.00%,0,0,0,0
"Trigg, Frank",Trigg,Frank,7,133,60.70%,2,66.70%,1,4,1,0
"Figueiredo, Deiveson",Figueiredo,Deiveson,4,133,61.30%,7,53.80%,4,9,0,0
"Gumm, Brad",Gumm,Brad,2,131,75.30%,0,0.00%,0,2,2,0
"Roberson, Karl",Roberson,Karl,3,131,68.90%,3,75.00%,0,4,0,1
"Tuivasa, Tai",Tuivasa,Tai,4,131,51.60%,0,0.00%,2,1,0,0
"Koppenhaver, Jon",Koppenhaver,Jon,2,129,81.10%,1,50.00%,0,1,1,0
"Newton, Carlos",Newton,Carlos,7,129,63.90%,10,58.80%,2,8,3,3
"Piechota, Oskar",Piechota,Oskar,3,128,62.10%,2,50.00%,3,9,0,0
"Heath, David",Heath,David,5,127,43.90%,1,50.00%,0,2,0,1
"Sakai, Augusto",Sakai,Augusto,1,125,53.60%,1,100.00%,0,1,0,0
"Correira, Wesley",Correira,Wesley,4,124,56.60%,0,0.00%,1,0,0,0
"Hague, Tim",Hague,Tim,5,124,53.20%,4,33.30%,0,5,0,1
"Whitmire, Emily",Whitmire,Emily,3,124,43.70%,1,50.00%,0,1,1,0
"Singer, Rory",Singer,Rory,4,123,45.10%,1,25.00%,0,2,0,1
"Perez, Markus",Perez,Markus,4,121,53.80%,3,42.90%,0,5,0,1
"Adams, Juan",Adams,Juan,1,121,67.20%,2,100.00%,0,4,0,0
"Alexander, Houston",Alexander,Houston,6,120,61.90%,1,100.00%,3,0,0,0
"Gibson, Lance",Gibson,Lance,2,120,80.00%,2,50.00%,1,5,0,0
"White, Vernon",White,Vernon,2,120,64.90%,1,16.70%,0,5,1,0
"Halverson, John",Halverson,John,2,119,65.40%,0,-,0,0,0,0
"Mezger, Guy",Mezger,Guy,5,118,73.80%,1,50.00%,0,5,0,1
"Spratt, Pete",Spratt,Pete,7,118,72.40%,1,100.00%,0,6,3,3
"Strasser, Dave",Strasser,Dave,2,118,60.20%,1,33.30%,0,1,0,0
"Wieczorek, Adam",Wieczorek,Adam,3,118,53.20%,1,33.30%,0,2,0,1
"Curran, Jeff",Curran,Jeff,3,117,35.10%,0,0.00%,0,0,2,0
"Iha, Fabiano",Iha,Fabiano,7,117,63.20%,6,26.10%,0,3,0,2
"Gall, Mickey",Gall,Mickey,6,117,71.30%,4,66.70%,2,13,1,4
"Ramos, Davi",Ramos,Davi,4,117,41.20%,7,58.30%,0,9,0,3
"Teymur, Daniel",Teymur,Daniel,2,117,48.00%,0,0.00%,0,0,0,0
"Rodriguez, Mike",Rodriguez,Mike,3,117,69.60%,0,-,3,0,0,0
"Eastman, Marvin",Eastman,Marvin,5,116,47.20%,2,28.60%,0,1,0,0
"Fujii, Katsuhisa",Fujii,Katsuhisa,2,115,63.90%,2,66.70%,1,0,0,0
"Gono, Akihiro",Gono,Akihiro,3,115,58.40%,4,80.00%,1,4,1,1
"Horwich, Matt",Horwich,Matt,2,114,83.20%,0,0.00%,0,2,2,0
"Vaulin, Yuri",Vaulin,Yuri,1,114,87.00%,0,-,0,0,0,0
"Radach, Benji",Radach,Benji,3,113,74.80%,0,-,2,1,0,0
"Oleksiejczuk, Michal",Oleksiejczuk,Michal,1,113,66.10%,2,66.70%,0,1,0,0
"Kaplan, David",Kaplan,David,2,112,58.90%,7,43.80%,0,2,1,0
"Thompson, Nick",Thompson,Nick,2,112,62.60%,2,100.00%,0,7,3,0
"Albini, Junior",Albini,Junior,4,112,58.90%,1,50.00%,1,1,0,0
"Palaszewski, Bart",Palaszewski,Bart,4,111,32.60%,0,-,1,0,0,0
"Ruas, Marco",Ruas,Marco,6,111,57.50%,3,75.00%,1,6,1,3
"Kenan, Song",Kenan,Song,3,111,45.50%,0,-,2,0,0,0
"Viana, Polyana",Viana,Polyana,2,111,52.90%,2,28.60%,0,5,1,1
"Dawson, Grant",Dawson,Grant,1,110,67.50%,1,100.00%,0,4,0,1
"Escovedo, Cole",Escovedo,Cole,3,109,53.70%,2,40.00%,0,1,0,0
"Hoffman, Bobby",Hoffman,Bobby,3,109,65.70%,5,83.30%,1,5,1,0
"Yaozong, Hu",Yaozong,Hu,2,109,53.20%,0,0.00%,0,0,0,0
"Lennox, Jesse",Lennox,Jesse,3,108,28.30%,3,60.00%,0,2,0,0
"Thomas, Ryan",Thomas,Ryan,2,108,66.30%,5,33.30%,0,2,0,0
"Aliev, Sultan",Aliev,Sultan,6,108,72.50%,3,50.00%,0,3,1,0
"Moraes, Marlon",Moraes,Marlon,5,106,34.50%,1,25.00%,3,0,0,0
"Roberts, Tyrone",Roberts,Tyrone,1,105,64.40%,1,100.00%,0,0,0,0
"Ladd, Aspen",Ladd,Aspen,3,104,61.90%,1,100.00%,0,3,0,0
"Aguilar, Kevin",Aguilar,Kevin,1,103,55.40%,0,0.00%,1,2,0,0
"Ismagulov, Damir",Ismagulov,Damir,1,103,75.20%,5,45.50%,0,4,0,0
"Miller, Phillip",Miller,Phillip,2,102,69.40%,6,25.00%,0,19,1,1
"Ankalaev, Magomed",Ankalaev,Magomed,3,101,64.70%,0,-,1,3,2,0
"Beneteau, Dave",Beneteau,Dave,6,100,69.40%,6,100.00%,0,4,0,0
"Gugerty, Shannon",Gugerty,Shannon,5,100,56.80%,5,27.80%,0,5,0,2
"Delgado, Rolando",Delgado,Rolando,3,99,60.00%,2,22.20%,1,7,1,1
"Rhodes, Johnny",Rhodes,Johnny,3,99,74.40%,1,100.00%,1,2,0,1
"Bibulatov, Magomed",Bibulatov,Magomed,3,99,56.60%,2,28.60%,0,9,0,0
"Honchak, Barb",Honchak,Barb,2,99,30.80%,0,0.00%,0,0,0,0
"De La Rosa, Mark",De La Rosa,Mark,3,98,44.50%,2,20.00%,0,1,0,1
"Sims, Wes",Sims,Wes,3,97,82.20%,0,0.00%,0,0,0,0
"Mueller, Lauren",Mueller,Lauren,2,97,42.90%,2,66.70%,0,1,0,0
"Magalhaes, Vinny",Magalhaes,Vinny,5,96,27.00%,4,44.40%,0,5,0,1
"Spitz, Daniel",Spitz,Daniel,3,96,46.20%,2,66.70%,0,0,0,0
"Romero Borella, Mara",Romero Borella,Mara,3,96,41.40%,2,50.00%,0,3,0,1
"Duffee, Todd",Duffee,Todd,6,95,36.40%,0,-,3,0,0,0
"Levicki, David",Levicki,David,1,95,93.10%,0,-,0,0,0,0
"Miller, Jason",Miller,Jason,3,95,39.10%,2,11.80%,0,1,1,0
"Hernandez, Alexander",Hernandez,Alexander,3,95,62.90%,4,40.00%,1,3,1,0
"Gunther, John",Gunther,John,2,95,60.90%,8,42.10%,0,3,0,0
"De La Rosa, Montana",De La Rosa,Montana,3,94,47.50%,0,0.00%,0,2,0,2
"Zuniga, Allan",Zuniga,Allan,1,93,63.30%,0,-,0,0,0,0
"Bustamante, Murilo",Bustamante,Murilo,4,91,62.30%,10,30.30%,2,11,0,2
"Jackson, Jeremy",Jackson,Jeremy,2,91,66.90%,2,40.00%,0,2,2,0
"Touahri, Salim",Touahri,Salim,3,91,52.00%,0,-,0,0,0,0
"Telligman, Tra",Telligman,Tra,5,90,45.20%,0,0.00%,1,0,0,1
"Heinisch, Ian",Heinisch,Ian,1,90,67.70%,1,14.30%,1,1,0,0
"Evans, Doug",Evans,Doug,2,88,52.10%,5,83.30%,0,2,1,0
"Moreira, Joe",Moreira,Joe,2,88,81.50%,3,50.00%,0,7,0,0
"Von Flue, Jason",Von Flue,Jason,3,88,51.80%,2,18.20%,0,3,1,1
"Martinez, Jonathan",Martinez,Jonathan,2,88,68.80%,1,50.00%,0,1,0,0
"Letson, Leah",Letson,Leah,1,88,44.90%,0,0.00%,0,0,0,0
"Goodridge, Gary",Goodridge,Gary,8,87,69.60%,4,66.70%,0,3,2,0
"Ruediger, Gabe",Ruediger,Gabe,3,87,59.60%,2,11.10%,0,3,0,0
"Saunders, Townsend",Saunders,Townsend,2,87,61.70%,2,22.20%,0,0,1,0
"Lee, Andrea",Lee,Andrea,2,87,66.40%,3,60.00%,0,8,0,0
"Shevchenko, Antonina",Shevchenko,Antonina,1,87,52.10%,2,100.00%,0,1,0,0
"Marquez, Julian",Marquez,Julian,2,86,39.40%,0,0.00%,0,2,0,1
"Buren, Wuliji",Buren,Wuliji,3,86,53.40%,6,40.00%,0,2,0,0
"Nurmagomedov, Said",Nurmagomedov,Said,2,86,64.20%,1,9.10%,0,0,0,0
"Abbadi, Danny",Abbadi,Danny,2,85,45.90%,0,-,0,0,0,0
"Bruno, Steve",Bruno,Steve,3,85,70.20%,5,25.00%,0,3,0,1
"Kyle, Mike",Kyle,Mike,3,85,77.30%,1,50.00%,2,1,0,0
"Morales, Vince",Morales,Vince,1,83,39.30%,0,-,0,0,0,0
"Murphy, Tom",Murphy,Tom,1,82,82.00%,6,85.70%,0,2,0,0
"Day, Jason",Day,Jason,3,81,67.50%,0,-,0,0,0,0
"Garcia, Edgar",Garcia,Edgar,5,81,30.30%,4,57.10%,0,3,0,0
"Southworth, Bobby",Southworth,Bobby,1,81,53.60%,1,50.00%,0,0,0,0
"Bowles, Brian",Bowles,Brian,4,80,33.60%,2,100.00%,0,2,0,1
"Mandaloniz, Troy",Mandaloniz,Troy,2,80,60.60%,4,66.70%,2,5,0,0
"Sudo, Genki",Sudo,Genki,3,79,54.50%,6,60.00%,0,7,0,2
"Lopez, Benito",Lopez,Benito,3,79,42.00%,0,-,1,1,0,0
"Faria, Kalindra",Faria,Kalindra,3,79,61.20%,2,66.70%,0,4,0,0
"Aram, Romie",Aram,Romie,1,78,62.40%,2,50.00%,1,1,0,0
"Rollins, Jared",Rollins,Jared,1,78,70.30%,2,50.00%,1,3,0,0
"Barber, Maycee",Barber,Maycee,1,78,72.90%,1,20.00%,0,1,0,0
"Crunkilton, Richard",Crunkilton,Richard,1,77,52.00%,4,57.10%,0,0,0,0
"Hieron, Jay",Hieron,Jay,4,77,38.90%,9,52.90%,0,8,0,0
"Kohler, Brad",Kohler,Brad,2,77,80.20%,4,57.10%,1,2,0,0
"Smith, Scott",Smith,Scott,4,77,37.20%,0,0.00%,2,0,0,0
"Neal, Geoff",Neal,Geoff,3,77,56.20%,0,-,2,0,0,1
"Lewis, Bevon",Lewis,Bevon,1,77,45.80%,0,-,0,0,0,0
"White, Craig",White,Craig,2,77,63.10%,0,0.00%,1,0,0,0
"Sokoudjou, Rameau Thierry",Sokoudjou,Rameau Thierry,3,76,45.00%,2,40.00%,1,0,0,0
"Macedo, Veronica",Macedo,Veronica,3,76,49.40%,1,100.00%,0,0,0,0
"Ghosn, Tiki",Ghosn,Tiki,4,75,50.30%,0,-,0,0,0,0
"Taylor, Jesse",Taylor,Jesse,2,75,75.80%,3,50.00%,0,5,1,1
"Frevola, Matt",Frevola,Matt,2,75,36.20%,2,33.30%,0,1,1,0
"Ewell, Andre",Ewell,Andre,2,75,39.50%,1,100.00%,1,0,0,0
"Karalexis, Alex",Karalexis,Alex,3,74,43.30%,1,20.00%,0,1,0,0
"Osterneck, Nissen",Osterneck,Nissen,1,74,67.30%,1,12.50%,0,2,1,0
"Schultz, Mark",Schultz,Mark,1,74,77.10%,3,100.00%,0,5,0,0
"Takahashi, Yoshiki",Takahashi,Yoshiki,1,72,72.70%,1,100.00%,0,0,0,0
"Lutter, Travis",Lutter,Travis,6,71,62.80%,6,24.00%,1,10,1,1
"Jackson, Montel",Jackson,Montel,2,71,53.00%,2,100.00%,0,0,0,1
"Rodriguez, Marina",Rodriguez,Marina,2,71,46.40%,0,-,0,0,1,0
"Griffin, Jordan",Griffin,Jordan,1,71,57.70%,0,0.00%,0,0,1,0
"Cobb, Brian",Cobb,Brian,1,70,81.40%,2,50.00%,0,0,0,0
"Irvin, James",Irvin,James,10,70,53.00%,0,0.00%,3,0,1,0
"Johnston, Brian",Johnston,Brian,6,70,72.20%,2,66.70%,0,5,1,0
"Alcarez, Alfonso",Alcarez,Alfonso,1,69,68.30%,1,50.00%,0,0,0,0
"Yanan, Wu",Yanan,Wu,2,69,58.50%,1,33.30%,0,1,0,1
"Hughes, Mark",Hughes,Mark,1,68,87.20%,2,50.00%,0,4,0,0
"Jones, Paul",Jones,Paul,2,66,80.50%,0,0.00%,0,2,1,1
"Leopoldo, Kimo",Leopoldo,Kimo,6,66,56.90%,4,40.00%,0,10,3,1
"Stoliarenko, Julija",Stoliarenko,Julija,1,66,39.30%,0,0.00%,0,0,0,0
"Earwood, Ben",Earwood,Ben,1,64,90.10%,2,100.00%,0,4,0,0
"Gusmao, Andre",Gusmao,Andre,2,64,48.50%,0,0.00%,0,0,0,0
"Medina, Todd",Medina,Todd,2,64,97.00%,1,100.00%,0,1,0,1
"Rivera, Dante",Rivera,Dante,1,64,67.40%,0,0.00%,0,0,0,0
"Stout, Curtis",Stout,Curtis,2,64,92.80%,0,-,0,0,0,0
"Fernandes, CJ",Fernandes,CJ,1,63,67.00%,1,100.00%,0,0,0,0
"Haynes, Josh",Haynes,Josh,3,63,30.90%,2,18.20%,1,1,1,0
"Robinson, Colin",Robinson,Colin,2,63,79.70%,1,100.00%,0,2,0,0
"Torres, Anthony",Torres,Anthony,2,63,70.00%,0,-,0,1,0,1
"Barreto, Carlos",Barreto,Carlos,1,61,70.10%,2,50.00%,0,1,0,0
"McGee, Gan",McGee,Gan,4,61,41.80%,2,25.00%,0,4,0,0
"Garcia, Elias",Garcia,Elias,2,61,39.90%,1,14.30%,1,0,1,0
"Giannetti, Joe",Giannetti,Joe,1,61,56.50%,1,16.70%,0,0,0,0
"Al-Hassan, Razak",Al-Hassan,Razak,2,60,39.70%,1,20.00%,0,1,1,0
"Williams, Tim",Williams,Tim,2,60,41.70%,2,40.00%,0,0,0,0
"Cifers, Hannah",Cifers,Hannah,1,60,68.20%,0,-,0,0,0,0
"Barrera, Dan",Barrera,Dan,1,59,92.20%,1,8.30%,0,0,1,0
"Black, Jason",Black,Jason,2,59,77.60%,0,0.00%,0,3,2,0
"Forbes, Jesse",Forbes,Jesse,3,59,28.80%,1,50.00%,1,1,0,0
"Morgan, Sammy",Morgan,Sammy,2,59,59.00%,0,0.00%,0,0,0,0
"Rees, Johnny",Rees,Johnny,2,59,70.20%,1,25.00%,0,1,0,0
"Williams, Tedd",Williams,Tedd,2,59,80.80%,1,10.00%,1,1,0,0
"Aldana, Gilbert",Aldana,Gilbert,2,58,65.90%,2,40.00%,0,2,0,0
"Worsham, Cal",Worsham,Cal,3,56,62.20%,1,50.00%,0,1,0,0
"Hinkle, Branden Lee",Hinkle,Branden Lee,3,55,76.40%,4,57.10%,0,5,0,0
"Weir, Mark",Weir,Mark,3,55,73.30%,0,-,2,1,1,0
"Zikic, James",Zikic,James,1,55,59.10%,0,0.00%,0,0,0,0
"Maia, Jennifer",Maia,Jennifer,1,55,46.60%,0,-,0,0,0,0
"Hackney, Keith",Hackney,Keith,4,54,61.40%,0,-,1,1,0,1
"Phillips, John",Phillips,John,5,54,34.20%,0,-,0,0,1,0
"Morales, Joseph",Morales,Joseph,3,54,40.90%,1,50.00%,1,1,0,1
"Cook, Bob",Cook,Bob,1,53,67.90%,1,20.00%,0,3,0,1
"Smith, Patrick",Smith,Patrick,6,53,71.60%,2,66.70%,1,2,0,3
"Sosnovskiy, Dmitry",Sosnovskiy,Dmitry,3,53,74.60%,2,66.70%,0,5,1,1
"Ostovich, Rachael",Ostovich,Rachael,3,53,43.80%,1,100.00%,0,1,0,1
"Murtazaliev, Khalid",Murtazaliev,Khalid,1,53,71.60%,5,100.00%,0,5,1,0
"Ignatov, Valeri",Ignatov,Valeri,2,52,66.70%,0,-,0,0,0,0
"Scherner, Fabiano",Scherner,Fabiano,2,52,57.10%,1,33.30%,0,2,1,0
"de Oliveira, Edilberto",de Oliveira,Edilberto,2,51,32.30%,0,0.00%,0,0,0,0
"Anderson, Megan",Anderson,Megan,3,51,56.70%,0,-,0,0,1,0
"Ivanov, Blagoy",Ivanov,Blagoy,1,51,22.30%,0,-,0,0,0,0
"Radev, Jordan",Radev,Jordan,2,50,41.70%,0,-,0,0,0,0
"Rosholt, Jake",Rosholt,Jake,3,50,60.20%,7,70.00%,0,6,0,1
"Spann, Ryan",Spann,Ryan,2,50,49.50%,0,-,0,5,1,0
"Evinger, Tonya",Evinger,Tonya,2,49,45.00%,1,20.00%,0,0,0,0
"Haseman, Chris",Haseman,Chris,1,49,87.50%,0,-,0,0,0,0
"Crute, Jimmy",Crute,Jimmy,2,49,65.30%,1,100.00%,0,9,2,1
"Bowen, Melton",Bowen,Melton,1,48,81.40%,0,-,0,0,0,0
"Cramer, Dan",Cramer,Dan,2,48,39.00%,0,0.00%,0,0,2,0
"Kalman, Geza",Kalman,Geza,2,48,75.00%,0,0.00%,0,1,1,0
"Pardoel, Remco",Pardoel,Remco,5,47,90.40%,4,100.00%,0,5,0,2
"Robertson, Gillian",Robertson,Gillian,3,47,49.50%,4,50.00%,0,10,0,2
"Villefort, Danillo",Villefort,Danillo,1,46,39.00%,1,50.00%,0,1,0,0
"Jordan, Kevin",Jordan,Kevin,2,45,47.40%,0,0.00%,0,0,0,0
"Wessel, Mike",Wessel,Mike,1,45,77.60%,3,50.00%,0,3,0,0
"Saki, Gokhan",Saki,Gokhan,4,45,58.40%,0,-,2,0,0,0
"Jackson, Kevin",Jackson,Kevin,4,44,74.60%,5,100.00%,0,6,0,1
"Nickels, Mike",Nickels,Mike,2,44,66.70%,4,80.00%,0,1,0,1
"Stojnic, Denis",Stojnic,Denis,2,44,34.90%,0,-,0,0,0,0
"Velasquez, David",Velasquez,David,1,44,68.80%,0,-,0,0,0,0
"Yusuff, Sodiq",Yusuff,Sodiq,1,44,66.70%,0,-,0,0,0,0
"Espino, Juan",Espino,Juan,1,44,84.60%,2,100.00%,0,4,0,1
"Goes, Allan",Goes,Allan,1,43,76.80%,0,-,1,0,0,0
"Hall, Mark",Hall,Mark,7,43,72.90%,0,-,0,0,1,1
"Reiner, Chad",Reiner,Chad,2,43,55.80%,1,33.30%,0,1,0,0
"Shipp, Wade",Shipp,Wade,1,42,87.50%,0,-,0,0,0,0
"Madge, Don",Madge,Don,1,42,79.20%,0,-,2,0,0,0
"Pena, Luis",Pena,Luis,2,42,35.00%,2,20.00%,1,2,2,1
"Nelmark, Steve",Nelmark,Steve,3,41,91.10%,2,100.00%,0,4,0,1
"Bitetti, Amaury",Bitetti,Amaury,2,40,80.00%,0,0.00%,0,0,0,0
"Marsh, John",Marsh,John,1,40,69.00%,1,100.00%,1,2,0,0
"Semenov, Andrei",Semenov,Andrei,2,40,38.10%,1,50.00%,1,0,0,0
"Yamamoto, Kenichi",Yamamoto,Kenichi,3,40,71.40%,0,0.00%,0,0,0,1
"Andre, Jermaine",Andre,Jermaine,1,39,66.10%,0,-,1,0,0,0
"Browning, Junie",Browning,Junie,2,39,52.70%,2,66.70%,0,7,1,1
"Caudillo, Luke",Caudillo,Luke,2,39,26.70%,0,0.00%,1,0,0,0
"Leninger, Christophe",Leninger,Christophe,2,39,70.90%,0,0.00%,0,0,0,0
"Prachnio, Marcin",Prachnio,Marcin,2,39,58.20%,0,-,0,0,0,0
"Loughran, Nate",Loughran,Nate,2,38,49.40%,0,0.00%,0,0,0,1
"Rockel, Keith",Rockel,Keith,2,38,86.40%,3,75.00%,0,7,0,1
"Rosier, Kevin",Rosier,Kevin,3,38,67.90%,0,-,2,0,0,0
"Stiebling, Alex",Stiebling,Alex,1,38,90.50%,0,-,0,0,0,0
"Veach, Matt",Veach,Matt,3,38,39.60%,5,38.50%,1,3,0,0
"Jennum, Steve",Jennum,Steve,3,37,43.50%,3,75.00%,0,5,0,1
"Whitehead, Mike",Whitehead,Mike,1,37,44.60%,5,41.70%,0,3,0,0
"Wiezorek, Jonathan",Wiezorek,Jonathan,1,37,100.00%,1,25.00%,0,1,0,0
"Chiasson, Macy",Chiasson,Macy,2,37,57.80%,0,0.00%,1,2,0,1
"Hunter, Alex",Hunter,Alex,2,36,65.50%,2,33.30%,0,6,1,1
"Eilers, Justin",Eilers,Justin,4,35,43.20%,0,0.00%,1,0,0,0
"Suloev, Amar",Suloev,Amar,2,35,41.70%,1,100.00%,0,1,0,0
"Al-Turk, Mostapha",Al-Turk,Mostapha,3,34,20.70%,0,0.00%,0,0,0,0
"Lewis, John",Lewis,John,2,34,43.60%,1,100.00%,0,0,0,0
"Carino, Rafael",Carino,Rafael,1,33,68.80%,1,100.00%,0,3,0,0
"DeWees, Edwin",DeWees,Edwin,3,33,58.90%,2,100.00%,0,2,0,0
"Nakamura, Kazuhiro",Nakamura,Kazuhiro,2,33,49.30%,2,20.00%,0,1,0,0
"Roberts, Joey",Roberts,Joey,1,33,55.00%,1,50.00%,0,1,1,0
"Grant, Dwight",Grant,Dwight,1,33,35.50%,1,100.00%,0,0,0,0
"Farber, Brodie",Farber,Brodie,2,32,49.20%,1,50.00%,0,0,0,0
"Foupa-Pokam, Xavier",Foupa-Pokam,Xavier,2,32,51.60%,0,-,0,0,1,0
"Remedios, Leigh",Remedios,Leigh,1,32,76.20%,0,-,0,0,0,0
"Sasaki, Yuki",Sasaki,Yuki,1,32,44.40%,0,-,0,0,0,0
"Tadeu, Eugenio",Tadeu,Eugenio,1,32,64.00%,0,0.00%,0,0,0,0
"Gutierrez, Chris",Gutierrez,Chris,1,32,53.30%,0,0.00%,0,0,0,0
"Jordan, Joe",Jordan,Joe,1,31,34.80%,0,-,0,0,0,0
"Kerr, Mark",Kerr,Mark,4,31,70.50%,3,100.00%,1,5,0,2
"Sekulic, Stefan",Sekulic,Stefan,1,31,45.60%,1,20.00%,0,0,0,0
"Turner, Jalin",Turner,Jalin,1,31,53.40%,0,-,0,0,0,0
"Andrade, Alex",Andrade,Alex,1,30,66.70%,0,0.00%,1,0,0,0
"Anjo, Yoji",Anjo,Yoji,3,30,78.90%,0,0.00%,0,0,1,0
"Gholar, Darrel",Gholar,Darrel,1,30,50.80%,1,100.00%,0,2,0,0
"Hess, Jon",Hess,Jon,1,30,73.20%,0,-,0,0,0,0
"Hightower, Richie",Hightower,Richie,1,30,44.80%,1,100.00%,0,1,0,0
"Honma, Satoshi",Honma,Satoshi,1,30,75.00%,0,-,0,0,0,0
"Junk, Scott",Junk,Scott,1,30,71.40%,0,-,0,0,0,0
"Pointon, Ross",Pointon,Ross,2,30,23.60%,0,-,1,0,0,0
"Ruiz, Eddie",Ruiz,Eddie,1,30,69.80%,2,12.50%,0,0,2,0
"Terrell, David",Terrell,David,3,30,69.80%,3,50.00%,1,1,0,1
"Bermudez, Manny",Bermudez,Manny,3,30,62.50%,1,20.00%,1,5,2,2
"Kianzad, Pannie",Kianzad,Pannie,1,30,60.00%,0,0.00%,0,0,0,0
"Horenstein, Moti",Horenstein,Moti,2,29,85.30%,0,-,0,0,0,0
"James, Justin",James,Justin,1,28,53.80%,0,-,0,0,0,0
"Wallace, Crafton",Wallace,Crafton,2,28,56.00%,0,-,0,0,0,0
"Combs, Wes",Combs,Wes,2,27,55.10%,0,-,0,0,0,0
"Dodd, David",Dodd,David,2,27,55.10%,0,0.00%,0,0,0,0
"Minowa, Ikuhisa",Minowa,Ikuhisa,1,27,57.40%,3,37.50%,0,2,0,0
"Yano, Masutatsu",Yano,Masutatsu,1,27,44.30%,1,33.30%,0,0,0,0
"Rainey, Ricky",Rainey,Ricky,2,27,46.60%,0,0.00%,0,0,0,0
"Shahbazyan, Edmen",Shahbazyan,Edmen,1,27,62.80%,8,38.10%,0,3,0,0
"Berube, Allen",Berube,Allen,1,26,92.90%,2,100.00%,0,1,0,0
"Crane, Alberto",Crane,Alberto,2,26,50.00%,0,0.00%,1,3,2,0
"Cureton, Larry",Cureton,Larry,2,26,86.70%,0,-,0,0,1,0
"Moskowitz, Harry",Moskowitz,Harry,2,26,72.20%,1,100.00%,0,0,0,0
"Noble, Derrick",Noble,Derrick,1,26,49.10%,0,-,0,0,0,0
"Schilt, Semmy",Schilt,Semmy,2,26,65.00%,0,-,2,0,0,0
"Tan, Jason",Tan,Jason,2,26,57.80%,0,0.00%,0,0,0,0
"Cason, Dwayne",Cason,Dwayne,2,25,69.40%,1,100.00%,0,0,0,0
"Dantas, Alexandre",Dantas,Alexandre,2,25,42.40%,2,13.30%,0,4,1,0
"Hutcherson, Solomon",Hutcherson,Solomon,1,25,56.80%,1,100.00%,0,1,1,0
"Lee, David",Lee,David,2,25,64.10%,0,0.00%,0,0,0,0
"DeLucia, Jason",DeLucia,Jason,4,24,68.60%,2,50.00%,0,5,4,2
"Nakao, Jutaro",Nakao,Jutaro,2,24,60.00%,0,0.00%,1,0,0,0
"MacDonald, Rob",MacDonald,Rob,3,23,57.50%,4,80.00%,0,3,0,1
"Serra, Nick",Serra,Nick,1,23,74.20%,1,10.00%,0,1,0,0
"Slick, Joe",Slick,Joe,2,23,74.20%,1,50.00%,0,3,1,0
"Yoshida, Yoshiyuki",Yoshida,Yoshiyuki,5,23,41.80%,2,28.60%,0,5,2,2
"Roberts, Roosevelt",Roberts,Roosevelt,1,23,54.80%,0,-,0,0,0,1
"Baron, David",Baron,David,1,22,71.00%,0,0.00%,0,0,1,0
"Ray, Gideon",Ray,Gideon,3,22,41.50%,1,100.00%,0,0,0,0
"Gorgees, Alex",Gorgees,Alex,1,22,51.20%,0,-,0,0,0,0
"Aguiar, Marcelo",Aguiar,Marcelo,1,21,100.00%,0,-,0,0,0,0
"Judson, Steve",Judson,Steve,2,21,58.30%,0,0.00%,0,0,0,0
"Mitchell, Felix Lee",Mitchell,Felix Lee,3,21,95.50%,0,-,0,0,0,0
"Patino, Jorge",Patino,Jorge,1,21,23.30%,1,16.70%,0,1,0,0
"Moffett, Bobby",Moffett,Bobby,1,21,36.80%,1,100.00%,0,1,0,1
"Bowden, Tai",Bowden,Tai,2,20,100.00%,0,-,0,0,0,0
"Jhun, Ronald",Jhun,Ronald,1,20,69.00%,1,100.00%,0,0,0,0
"Kikuta, Sanae",Kikuta,Sanae,1,20,60.60%,2,100.00%,0,2,0,1
"Parker, Ryan",Parker,Ryan,1,20,95.20%,0,-,0,0,0,0
"Silveira, Marcus",Silveira,Marcus,2,20,71.40%,2,100.00%,0,0,0,0
"Vedepo, Joe",Vedepo,Joe,2,20,66.70%,1,25.00%,0,0,0,0
"Moret, Dan",Moret,Dan,1,20,34.50%,0,-,0,0,0,0
"Fishgold, Chris",Fishgold,Chris,1,20,26.70%,1,50.00%,0,0,0,0
"Moises, Thiago",Moises,Thiago,1,20,66.70%,0,0.00%,0,0,0,0
"Nelson, Kyle",Nelson,Kyle,1,20,40.00%,0,-,0,0,0,0
"Hartt, Dale",Hartt,Dale,3,19,42.20%,1,100.00%,0,1,0,0
"Ismail, Wallid",Ismail,Wallid,1,19,50.00%,1,10.00%,0,0,0,0
"Ruas, Rodrigo",Ruas,Rodrigo,1,19,45.20%,0,-,0,0,0,0
"Bobish, Dan",Bobish,Dan,2,18,58.10%,1,100.00%,0,1,0,1
"Fulton, Travis",Fulton,Travis,2,18,52.90%,0,0.00%,0,0,0,0
"Georgieff, Paul",Georgieff,Paul,1,18,50.00%,0,0.00%,0,0,0,0
"Yamamiya, Keiichiro",Yamamiya,Keiichiro,1,18,29.00%,0,-,0,0,0,0
"Cucciniello, Jay",Cucciniello,Jay,1,18,26.50%,0,0.00%,0,0,0,0
"Pavlovich, Sergei",Pavlovich,Sergei,1,18,48.60%,0,0.00%,0,0,0,0
"Alger, Royce",Alger,Royce,2,17,48.60%,2,22.20%,0,3,0,0
"Anderson, Lowell",Anderson,Lowell,1,17,41.50%,0,0.00%,0,0,0,0
"Braga, Ebenezer Fontes",Braga,Ebenezer Fontes,1,17,65.40%,1,100.00%,0,0,0,1
"Dullanty, Kelly",Dullanty,Kelly,1,17,81.00%,0,-,0,0,0,0
"Faircloth, Ron",Faircloth,Ron,1,17,81.00%,0,-,0,0,0,0
"Godsey, Jason",Godsey,Jason,2,17,53.10%,1,100.00%,0,0,0,0
"Mendes, Antonio",Mendes,Antonio,2,17,65.40%,1,50.00%,1,0,0,0
"Pederneiras, Andre",Pederneiras,Andre,1,17,65.40%,0,0.00%,0,0,0,0
"Crowder, Allen",Crowder,Allen,3,17,41.50%,0,-,0,0,0,0
"Frazier, Justin",Frazier,Justin,1,17,89.50%,0,-,0,0,0,0
"Alvarez, Sean",Alvarez,Sean,1,16,61.50%,0,0.00%,0,0,0,0
"Patt, Michael",Patt,Michael,2,16,31.40%,0,0.00%,0,0,0,0
"Rothaermel, Kristian",Rothaermel,Kristian,1,16,84.20%,0,0.00%,0,0,0,0
"Vitale, Falaniko",Vitale,Falaniko,2,16,42.10%,0,0.00%,0,3,0,0
"Wiet, Orlando",Wiet,Orlando,2,16,72.70%,0,-,0,0,0,0
"Rencountre, Chance",Rencountre,Chance,2,16,13.00%,0,0.00%,0,0,0,0
"Egan, Tom",Egan,Tom,1,15,93.80%,0,-,0,0,0,0
"Gurgel, Fabio",Gurgel,Fabio,1,15,93.80%,1,33.30%,0,1,0,0
"Holman, Rex",Holman,Rex,1,15,41.70%,0,0.00%,0,0,0,0
"Larenas, Icho",Larenas,Icho,1,15,51.70%,0,-,0,0,0,0
"Madigan, Ryan",Madigan,Ryan,1,15,75.00%,0,-,0,0,0,0
"Moura, Flavio Luiz",Moura,Flavio Luiz,1,15,83.30%,0,-,1,1,0,0
"Oishi, Koji",Oishi,Koji,2,15,38.50%,3,27.30%,0,2,0,0
"Price, Chris",Price,Chris,2,15,71.40%,0,-,0,0,1,0
"Smullen, Richie",Smullen,Richie,1,15,88.20%,2,66.70%,0,1,0,0
"Baker, Scott",Baker,Scott,1,14,60.90%,1,100.00%,0,3,2,0
"Frazier, Zane",Frazier,Zane,2,14,45.20%,0,-,0,0,0,0
"Giboo, James",Giboo,James,1,14,36.80%,0,0.00%,0,0,0,0
"Gordeau, Gerard",Gordeau,Gerard,3,14,63.60%,0,-,1,0,0,0
"Hamaker, Frank",Hamaker,Frank,1,14,93.30%,1,100.00%,0,4,1,1
"Latu, Sione",Latu,Sione,1,14,53.80%,1,100.00%,0,2,1,0
"Sakurai, Hayato",Sakurai,Hayato,1,14,63.60%,0,-,1,0,0,0
"Takase, Daiju",Takase,Daiju,3,14,40.00%,0,0.00%,0,0,0,0
"Barros, Alexandre",Barros,Alexandre,1,13,52.00%,1,50.00%,0,1,0,0
"Light, Zach",Light,Zach,1,13,81.30%,1,100.00%,0,0,0,0
"Nilson, Jack",Nilson,Jack,2,13,86.70%,0,-,0,3,0,0
"Roberts, Andre",Roberts,Andre,3,13,54.20%,0,-,1,0,0,0
"Walmsley, Cory",Walmsley,Cory,1,13,100.00%,0,-,0,0,0,0
"Wiuff, Travis",Wiuff,Travis,2,13,86.70%,2,40.00%,0,1,0,0
"Smith, Devonte",Smith,Devonte,1,13,68.40%,0,-,1,0,0,0
"Fairn, Jason",Fairn,Jason,1,12,80.00%,0,-,1,0,0,0
"Ichihara, Minoki",Ichihara,Minoki,1,12,75.00%,0,-,0,0,0,0
"Kolosci, John",Kolosci,John,1,12,52.20%,0,0.00%,0,0,0,0
"Liguori, Chris",Liguori,Chris,1,12,85.70%,0,-,0,0,0,0
"Macias, Anthony",Macias,Anthony,3,12,85.70%,0,0.00%,0,0,0,0
"McCarthy, Charles",McCarthy,Charles,3,12,26.70%,3,60.00%,0,3,0,1
"Melendez, Brandon",Melendez,Brandon,1,12,41.40%,0,-,0,1,2,0
"Moore, Homer",Moore,Homer,1,12,75.00%,2,66.70%,0,3,0,0
"Neto, Mario",Neto,Mario,1,12,54.50%,1,100.00%,0,1,0,0
"Primm, Shane",Primm,Shane,1,12,38.70%,1,20.00%,0,0,0,0
"Cope, Kit",Cope,Kit,1,11,57.90%,0,-,0,0,0,0
"Dorr, Houston",Dorr,Houston,1,11,73.30%,0,-,0,0,0,0
"Gilbert, Joey",Gilbert,Joey,1,11,73.30%,0,0.00%,0,0,0,0
"Hernandez, Noe",Hernandez,Noe,1,11,27.50%,1,100.00%,0,0,0,0
"Lober, John",Lober,John,1,11,61.10%,3,75.00%,0,3,0,0
"Markham, Rory",Markham,Rory,3,11,21.60%,0,-,1,0,0,0
"Stevenson, Maia",Stevenson,Maia,2,11,68.80%,1,100.00%,0,0,0,0
"Adams, Scott",Adams,Scott,1,10,90.90%,1,100.00%,0,0,0,1
"Agallar, Nick",Agallar,Nick,1,10,20.80%,0,0.00%,0,0,0,0
"Banuelos, Antonio",Banuelos,Antonio,1,10,7.40%,0,-,0,0,0,0
"Kunihara, Keigo",Kunihara,Keigo,1,10,50.00%,2,40.00%,0,1,0,0
"Pardo, Joe",Pardo,Joe,1,10,58.80%,0,0.00%,0,0,0,0
"Sincaid, Lodune",Sincaid,Lodune,1,10,29.40%,0,-,0,0,0,0
"Souza, Livinha",Souza,Livinha,2,10,55.60%,1,100.00%,0,2,0,1
"McCann, Molly",McCann,Molly,2,10,30.30%,0,-,0,0,0,0
"Walker, Johnny",Walker,Johnny,2,10,90.90%,0,-,1,0,0,0
"Berto, Dieusel",Berto,Dieusel,1,9,81.80%,0,0.00%,0,1,0,0
"Leon, Alberta Cerra",Leon,Alberta Cerra,1,9,81.80%,0,-,0,0,0,0
"Mello, Marcelo",Mello,Marcelo,1,9,60.00%,1,50.00%,0,3,0,0
"Stosic, Darko",Stosic,Darko,2,9,52.90%,0,-,0,0,0,0
"Campetella, John",Campetella,John,1,8,80.00%,0,0.00%,0,0,0,0
"Creighton, Paul",Creighton,Paul,1,8,80.00%,3,37.50%,0,0,0,0
"Gannon, Sean",Gannon,Sean,1,8,66.70%,0,-,0,0,0,0
"Schall, Kerry",Schall,Kerry,1,8,11.80%,0,-,0,0,0,0
"Vigneault, Steve",Vigneault,Steve,1,8,53.30%,0,0.00%,0,0,0,0
"Wain, Neil",Wain,Neil,1,8,66.70%,0,-,0,0,0,0
"Wolff, Brandon",Wolff,Brandon,2,8,66.70%,0,0.00%,0,0,0,0
"Ettish, Fred",Ettish,Fred,1,7,63.60%,0,-,0,0,0,0
"Geraghty, Brian",Geraghty,Brian,1,7,70.00%,0,-,0,0,0,0
"Levens, Justin",Levens,Justin,2,7,46.70%,0,0.00%,0,0,0,0
"Lynch, Stevie",Lynch,Stevie,1,7,25.00%,0,-,0,0,0,0
"Mitichyan, Roman",Mitichyan,Roman,2,7,41.20%,1,100.00%,0,0,1,1
"Verdicia, Ernie",Verdicia,Ernie,1,7,63.60%,0,-,0,0,0,0
"Vendramini, Luigi",Vendramini,Luigi,1,7,33.30%,0,0.00%,0,1,0,0
"Anderson, Andy",Anderson,Andy,1,6,100.00%,0,0.00%,0,0,1,0
"Gilliam, Jason",Gilliam,Jason,2,6,50.00%,0,-,0,0,1,0
"Hendricks, Josh",Hendricks,Josh,1,6,60.00%,0,-,0,0,0,0
"Johns, Phil",Johns,Phil,1,6,85.70%,0,0.00%,0,0,0,0
"Petarra, Tony",Petarra,Tony,1,6,85.70%,0,0.00%,0,0,0,0
"Yarbrough, Cale",Yarbrough,Cale,1,6,27.30%,0,-,0,0,0,0
"Edwards, Te",Edwards,Te,2,6,37.50%,1,100.00%,0,0,0,0
"Mokhtarian, Suman",Mokhtarian,Suman,1,6,60.00%,0,-,0,0,0,0
"Andersen, Matt",Andersen,Matt,1,5,100.00%,0,-,0,0,0,0
"Chappell, Donnie",Chappell,Donnie,1,5,62.50%,0,-,0,0,0,0
"Davis, Rick",Davis,Rick,1,5,50.00%,0,-,0,0,0,0
"Fiedler, Scott",Fiedler,Scott,1,5,71.40%,0,-,0,1,0,0
"Morris, Brad",Morris,Brad,2,5,62.50%,0,0.00%,0,0,0,0
"Reinhardt, Jason",Reinhardt,Jason,3,5,41.70%,1,12.50%,0,1,0,0
"Roque, Joao",Roque,Joao,1,5,8.50%,1,5.60%,0,0,0,0
"Speer, Tommy",Speer,Tommy,2,5,33.30%,0,0.00%,0,0,0,0
"Valencia, Charlie",Valencia,Charlie,1,5,50.00%,0,-,0,0,0,0
"Adkins, Sam",Adkins,Sam,4,4,44.40%,0,-,0,0,0,0
"Chalangov, Ansar",Chalangov,Ansar,2,4,66.70%,0,0.00%,0,1,1,0
"Cox, Jeff",Cox,Jeff,2,4,40.00%,1,50.00%,0,0,0,0
"Mullen, Jim",Mullen,Jim,1,4,57.10%,0,-,0,0,0,0
"Newton, Jeff",Newton,Jeff,1,4,33.30%,0,-,0,0,0,0
"Polakowski, John",Polakowski,John,1,4,14.30%,0,-,0,0,0,0
"Serati, Ivan",Serati,Ivan,1,4,30.80%,0,0.00%,0,0,0,0
"Son, Joe",Son,Joe,1,4,100.00%,1,100.00%,0,1,0,0
"Wang, Andy",Wang,Andy,1,4,36.40%,0,0.00%,0,0,0,0
"Yarborough, Emmanuel",Yarborough,Emmanuel,1,4,44.40%,0,0.00%,0,0,0,0
"Batista, Michel",Batista,Michel,1,4,40.00%,1,50.00%,0,0,0,0
"Bruchez, Jules",Bruchez,Jules,1,3,75.00%,0,-,0,0,0,0
"Ciesnolevicz, Mike",Ciesnolevicz,Mike,2,3,50.00%,0,0.00%,0,0,0,1
"Evensen, Dan",Evensen,Dan,2,3,15.00%,0,0.00%,0,0,0,0
"Gassaway, Brian",Gassaway,Brian,1,3,50.00%,0,-,0,0,0,0
"Inoue, Enson",Inoue,Enson,1,3,100.00%,0,-,0,0,0,1
"Payne, Roland",Payne,Roland,1,3,75.00%,1,50.00%,0,1,0,0
"Sanford, Chris",Sanford,Chris,1,3,75.00%,0,-,0,0,0,0
"Sword, Floyd",Sword,Floyd,1,3,42.90%,0,-,0,0,0,0
"Thacker, Jason",Thacker,Jason,1,3,60.00%,0,-,0,0,0,0
"Cachoeira, Priscila",Cachoeira,Priscila,2,3,23.10%,0,-,0,0,0,0
"Bossett, Marcus",Bossett,Marcus,3,2,66.70%,0,-,0,0,0,0
"Charles, Joe",Charles,Joe,4,2,66.70%,0,-,0,0,1,2
"Downey, Derek",Downey,Derek,1,2,100.00%,1,16.70%,0,0,0,0
"Fulton, Sam",Fulton,Sam,2,2,100.00%,0,-,0,0,0,0
"Grove, Neil",Grove,Neil,1,2,33.30%,0,-,0,1,0,0
"Hood, David",Hood,David,1,2,66.70%,0,-,0,0,0,0
"Lucarelli, Robert",Lucarelli,Robert,1,2,33.30%,1,100.00%,0,0,0,0
"Mahood, Bill",Mahood,Bill,1,2,100.00%,0,-,0,0,0,0
"McKenzie, Tim",McKenzie,Tim,1,2,40.00%,0,-,0,0,0,0
"Midoux, Kristof",Midoux,Kristof,1,2,18.20%,0,-,0,0,0,0
"Moncayo, Rudyard",Moncayo,Rudyard,1,2,100.00%,0,0.00%,0,0,0,0
"Morris, Scott",Morris,Scott,2,2,100.00%,1,50.00%,0,1,0,1
"Murray, Lee",Murray,Lee,1,2,50.00%,0,-,0,0,0,1
"Rafferty, Josh",Rafferty,Josh,1,2,50.00%,0,0.00%,0,0,0,0
"Rodriguez, Paul",Rodriguez,Paul,1,2,100.00%,0,0.00%,0,0,0,0
"Sakuraba, Kazushi",Sakuraba,Kazushi,2,2,40.00%,1,50.00%,0,1,0,1
"Wizard, Ray",Wizard,Ray,1,2,100.00%,0,-,0,0,0,0
"Bessac, Scott",Bessac,Scott,2,1,20.00%,0,-,0,0,0,1
"Butler, Todd",Butler,Todd,1,1,25.00%,0,-,0,0,0,0
"Condo, Chris",Condo,Chris,1,1,33.30%,0,-,0,0,0,0
"Daugherty, Sean",Daugherty,Sean,1,1,20.00%,0,-,0,0,0,0
"Duarte, Hugo",Duarte,Hugo,1,1,100.00%,1,33.30%,0,1,0,0
"Graham, Steven",Graham,Steven,2,1,100.00%,1,100.00%,0,2,0,1
"Hosseini, Saeed",Hosseini,Saeed,1,1,20.00%,0,-,0,0,0,0
"Jenkins, Trent",Jenkins,Trent,2,1,14.30%,0,-,0,0,0,0
"Kitao, Koji",Kitao,Koji,1,1,50.00%,1,100.00%,0,1,0,0
"Paixao, Fredson",Paixao,Fredson,1,1,100.00%,0,-,0,0,0,0
"Pierini, Joao",Pierini,Joao,1,1,14.30%,0,-,0,0,0,0
"Ramirez, Thomas",Ramirez,Thomas,1,1,50.00%,0,-,0,0,0,0
"Robinson, Mark",Robinson,Mark,1,1,50.00%,0,-,0,0,0,0
"Schoenauer, Alex",Schoenauer,Alex,1,1,25.00%,0,-,0,0,0,0
"Stepanov, Dmitri",Stepanov,Dmitri,1,1,100.00%,0,-,0,0,0,0
"Traven, Roberto",Traven,Roberto,2,1,50.00%,0,-,0,0,0,0
"Yandiev, Adam",Yandiev,Adam,1,1,8.30%,0,-,0,0,0,0
"Albritton, Wes",Albritton,Wes,1,0,-,0,-,0,0,0,0
"Berry, Dave",Berry,Dave,1,0,-,0,-,0,0,0,0
"Brink, Aaron",Brink,Aaron,1,0,0.00%,0,0.00%,0,0,0,0
"Cancio, Asbel",Cancio,Asbel,1,0,-,0,-,0,0,0,0
"Caracci, Frank",Caracci,Frank,1,0,0.00%,0,0.00%,0,0,0,0
"Dowdy, John",Dowdy,John,1,0,-,0,-,0,0,0,0
"Gilstrap, Bob",Gilstrap,Bob,1,0,0.00%,0,-,0,0,0,0
"Gipson, He-Man",Gipson,He-Man,1,0,-,0,-,0,0,0,0
"Halme, Tony",Halme,Tony,1,0,-,0,-,0,0,0,0
"Harris, Gerry",Harris,Gerry,1,0,0.00%,0,-,0,0,0,0
"Herrera, Paul",Herrera,Paul,1,0,-,0,0.00%,0,0,0,0
"Jimmerson, Art",Jimmerson,Art,1,0,-,0,-,0,0,0,0
"Lee, Jackie",Lee,Jackie,1,0,-,0,-,0,0,0,0
"Lee, James",Lee,James,1,0,0.00%,2,50.00%,0,0,0,0
"Luster, Thaddeus",Luster,Thaddeus,1,0,-,0,0.00%,0,0,0,0
"Martin, Justin",Martin,Justin,1,0,-,0,-,0,0,0,1
"Martin, Eric",Martin,Eric,1,0,-,0,-,0,0,0,0
"Martinez, Rainy",Martinez,Rainy,1,0,-,0,-,0,0,0,0
"Matua, John",Matua,John,1,0,-,0,-,0,0,0,0
"Maturi, Francesco",Maturi,Francesco,1,0,-,0,-,0,0,0,0
"McGlaughlin, Jack",McGlaughlin,Jack,1,0,-,0,-,0,0,0,0
"Mielke, Keith",Mielke,Keith,1,0,-,0,-,0,0,0,0
"Miles, Billy",Miles,Billy,1,0,0.00%,0,0.00%,0,0,0,0
"Nasri, Reza",Nasri,Reza,1,0,-,0,0.00%,0,0,0,0
"Palhares, Tulio",Palhares,Tulio,1,0,-,0,-,0,0,0,0
"Parungao, Onassis",Parungao,Onassis,1,0,-,0,-,0,0,0,0
"Price, Dorian",Price,Dorian,1,0,0.00%,0,-,0,0,0,0
"Roberts, David",Roberts,David,1,0,0.00%,0,-,0,0,0,0
"Roberts, Ryan",Roberts,Ryan,1,0,0.00%,0,-,0,0,0,0
"Sanchez, Julian",Sanchez,Julian,1,0,-,0,-,0,0,0,0
"Sanders, Jesse",Sanders,Jesse,1,0,0.00%,0,-,0,0,0,0
"Santos, Adriano",Santos,Adriano,1,0,-,0,-,0,0,0,0
"Santos, Paulo",Santos,Paulo,1,0,-,0,-,0,0,0,0
"Sanzo, Nick",Sanzo,Nick,2,0,-,0,0.00%,0,0,0,0
"Schroeder, Nate",Schroeder,Nate,1,0,-,0,-,0,0,0,0
"Serrano, Adrian",Serrano,Adrian,1,0,-,0,-,0,0,0,0
"Stott, Greg",Stott,Greg,1,0,0.00%,0,-,0,0,0,0
"Strebendt, Gerald",Strebendt,Gerald,1,0,-,0,-,0,0,0,0
"Sutton, Joel",Sutton,Joel,2,0,-,0,-,0,0,0,0
"Tuli, Teila",Tuli,Teila,1,0,0.00%,0,0.00%,0,0,0,0
"Turner, Courtney",Turner,Courtney,1,0,-,0,-,0,0,0,0
"van Clief, Ron",van Clief,Ron,1,0,0.00%,0,-,0,0,0,0
"Veres, Joe",Veres,Joe,2,0,0.00%,0,0.00%,0,0,0,0
"Zinoviev, Igor",Zinoviev,Igor,1,0,0.00%,0,-,0,0,0,0
"Menifield, Alonzo",Menifield,Alonzo,1,0,-,0,-,0,0,0,0
"Lipski, Ariane",Lipski,Ariane,1,0,-,0,-,0,0,0,0
"Askren, Ben",Askren,Ben,1,0,-,0,-,0,0,0,0
"Castro, Vinicius",Castro,Vinicius,1,0,-,0,-,0,0,0,0
"Hernandez, Anthony",Hernandez,Anthony,1,0,-,0,-,0,0,0,0
"Bontorin, Rogerio",Bontorin,Rogerio,1,0,-,0,-,0,0,0,0
"Santos, Taila",Santos,Taila,1,0,-,0,-,0,0,0,0
"Frota, Sarah",Frota,Sarah,1,0,-,0,-,0,0,0,0
"Hardy, Greg",Hardy,Greg,1,0,-,0,-,0,0,0,0
"Paiva, Raulian",Paiva,Raulian,1,0,-,0,-,0,0,0,0
"Gracie, Kron",Gracie,Kron,1,0,-,0,-,0,0,0,0